metric_label,metric_axis,metric_stat,outcome_label,section_label,part,subtype,group,title,comparison,n,pearson_r,slope,metric_mean,outcome_mean,long_mean,short_mean,p_value,significance
EEG Distraction AUC,EEG Distraction AUC,AUC,Enjoyment (NormalizedCorrected),EEG Distraction Ã— Enjoyment,Part 1,overall,All,,,120.0,0.23275641757518506,,27.971775928358333,0.5869184027777777,0.6896186440677967,0.4875853825136611,0.010519478854479224,*
EEG Distraction AUC,EEG Distraction AUC,AUC,Enjoyment (NormalizedCorrected),EEG Distraction Ã— Enjoyment,Part 2,format-correlation,Long,,,59.0,0.2362285661312085,,28.664948299254235,0.6896186440677967,,,0.0716602440337375,
EEG Distraction AUC,EEG Distraction AUC,AUC,Enjoyment (NormalizedCorrected),EEG Distraction Ã— Enjoyment,Part 2,format-correlation,Short,,,61.0,0.291387957621383,,27.30133052044263,0.4875853825136611,,,0.022701611682233058,*
EEG Distraction AUC,EEG Distraction AUC,AUC,Enjoyment (NormalizedCorrected),EEG Distraction Ã— Enjoyment,Part 2,interaction,Long vs Short,,,,,,,,,,0.6396746840012575,
EEG Distraction AUC,EEG Distraction AUC,AUC,Enjoyment (NormalizedCorrected),EEG Distraction Ã— Enjoyment,Part 2,slope,Long,,vs Short,,,0.001136613870312942,,,,,0.6396746840012575,
EEG Distraction AUC,EEG Distraction AUC,AUC,Enjoyment (NormalizedCorrected),EEG Distraction Ã— Enjoyment,Part 2,slope,Short,,Reference,,,0.0015885597243123512,,,,,,
EEG Distraction AUC,EEG Distraction AUC,AUC,Enjoyment (NormalizedCorrected),EEG Distraction Ã— Enjoyment,Part 3,title-delta,Long vs Short,Abbott Elementary,,,,,,,,,,
EEG Distraction AUC,EEG Distraction AUC,AUC,Enjoyment (NormalizedCorrected),EEG Distraction Ã— Enjoyment,Part 3,title-delta,Long vs Short,Mad Max,,,,,,,,,,
EEG Distraction AUC,EEG Distraction AUC,AUC,Enjoyment (NormalizedCorrected),EEG Distraction Ã— Enjoyment,Part 3,title-delta,Long vs Short,The Town,,,,,,,,,,
EEG Distraction AUC,EEG Distraction AUC,AUC,Enjoyment (NormalizedCorrected),EEG Distraction Ã— Enjoyment,Part 3,title-form,Long,Abbott Elementary,,21.0,-0.08956829772468426,,,,,,0.6994242980414609,
EEG Distraction AUC,EEG Distraction AUC,AUC,Enjoyment (NormalizedCorrected),EEG Distraction Ã— Enjoyment,Part 3,title-form,Long,Mad Max,,19.0,0.1899561825250453,,,,,,0.43602679933473193,
EEG Distraction AUC,EEG Distraction AUC,AUC,Enjoyment (NormalizedCorrected),EEG Distraction Ã— Enjoyment,Part 3,title-form,Long,The Town,,19.0,0.3526393176843768,,,,,,0.13865371917390865,
EEG Distraction AUC,EEG Distraction AUC,AUC,Enjoyment (NormalizedCorrected),EEG Distraction Ã— Enjoyment,Part 3,title-form,Short,Abbott Elementary,,24.0,0.4590881339013237,,,,,,0.024029808484102706,*
EEG Distraction AUC,EEG Distraction AUC,AUC,Enjoyment (NormalizedCorrected),EEG Distraction Ã— Enjoyment,Part 3,title-form,Short,Mad Max,,19.0,0.08992590404409148,,,,,,0.7142829448866251,
EEG Distraction AUC,EEG Distraction AUC,AUC,Enjoyment (NormalizedCorrected),EEG Distraction Ã— Enjoyment,Part 3,title-form,Short,The Town,,18.0,0.18629174154013445,,,,,,0.45921248011729005,
EEG Distraction AUC,EEG Distraction AUC,AUC,Open-Ended Recall (Key-Moment),EEG Distraction Ã— Recall,Part 1,overall,All,,,121.0,-0.11016827673271862,,27.49078456327273,55.13223140495868,50.557377049180324,59.78333333333333,0.22900049740606393,
EEG Distraction AUC,EEG Distraction AUC,AUC,Open-Ended Recall (Key-Moment),EEG Distraction Ã— Recall,Part 2,format-correlation,Long,,,61.0,-0.2482604723832188,,27.73676194588524,50.557377049180324,,,0.05370810066356431,
EEG Distraction AUC,EEG Distraction AUC,AUC,Open-Ended Recall (Key-Moment),EEG Distraction Ã— Recall,Part 2,format-correlation,Short,,,60.0,0.09174203532000016,,27.24070755761667,59.78333333333333,,,0.48570627296513247,
EEG Distraction AUC,EEG Distraction AUC,AUC,Open-Ended Recall (Key-Moment),EEG Distraction Ã— Recall,Part 2,interaction,Long vs Short,,,,,,,,,,0.09279383116429489,
EEG Distraction AUC,EEG Distraction AUC,AUC,Open-Ended Recall (Key-Moment),EEG Distraction Ã— Recall,Part 2,slope,Long,,vs Short,,,-0.13609563521646753,,,,,0.09279383116429489,
EEG Distraction AUC,EEG Distraction AUC,AUC,Open-Ended Recall (Key-Moment),EEG Distraction Ã— Recall,Part 2,slope,Short,,Reference,,,0.07040084168462951,,,,,,
EEG Distraction AUC,EEG Distraction AUC,AUC,Open-Ended Recall (Key-Moment),EEG Distraction Ã— Recall,Part 3,title-delta,Long vs Short,Abbott Elementary,,,,,,,,,,
EEG Distraction AUC,EEG Distraction AUC,AUC,Open-Ended Recall (Key-Moment),EEG Distraction Ã— Recall,Part 3,title-delta,Long vs Short,Mad Max,,,,,,,,,,
EEG Distraction AUC,EEG Distraction AUC,AUC,Open-Ended Recall (Key-Moment),EEG Distraction Ã— Recall,Part 3,title-delta,Long vs Short,The Town,,,,,,,,,,
EEG Distraction AUC,EEG Distraction AUC,AUC,Open-Ended Recall (Key-Moment),EEG Distraction Ã— Recall,Part 3,title-form,Long,Abbott Elementary,,21.0,-0.4306377311403827,,,,,,0.05131945335662702,
EEG Distraction AUC,EEG Distraction AUC,AUC,Open-Ended Recall (Key-Moment),EEG Distraction Ã— Recall,Part 3,title-form,Long,Mad Max,,20.0,-0.29512207867792756,,,,,,0.20651440239983876,
EEG Distraction AUC,EEG Distraction AUC,AUC,Open-Ended Recall (Key-Moment),EEG Distraction Ã— Recall,Part 3,title-form,Long,The Town,,20.0,-0.4121469895291341,,,,,,0.07095915308525474,
EEG Distraction AUC,EEG Distraction AUC,AUC,Open-Ended Recall (Key-Moment),EEG Distraction Ã— Recall,Part 3,title-form,Short,Abbott Elementary,,24.0,0.14813151349465936,,,,,,0.48970440618874217,
EEG Distraction AUC,EEG Distraction AUC,AUC,Open-Ended Recall (Key-Moment),EEG Distraction Ã— Recall,Part 3,title-form,Short,Mad Max,,19.0,0.23343315301535253,,,,,,0.3361444659835195,
EEG Distraction AUC,EEG Distraction AUC,AUC,Open-Ended Recall (Key-Moment),EEG Distraction Ã— Recall,Part 3,title-form,Short,The Town,,17.0,-0.14539447460505742,,,,,,0.5776725226482714,
EEG Distraction AUC,EEG Distraction AUC,AUC,Screening Familiarity (C1),EEG Distraction Ã— Familiarity,Part 1,overall,All,,,121.0,-0.07225337410508557,,27.740605960041325,3.355371900826446,3.6166666666666667,3.098360655737705,0.43094983181996244,
EEG Distraction AUC,EEG Distraction AUC,AUC,Screening Familiarity (C1),EEG Distraction Ã— Familiarity,Part 2,format-correlation,Long,,,60.0,-0.17548551029249376,,28.187202656966665,3.6166666666666667,,,0.17987354567383868,
EEG Distraction AUC,EEG Distraction AUC,AUC,Screening Familiarity (C1),EEG Distraction Ã— Familiarity,Part 2,format-correlation,Short,,,61.0,0.08086068106231953,,27.30133052044263,3.098360655737705,,,0.5355919008030727,
EEG Distraction AUC,EEG Distraction AUC,AUC,Screening Familiarity (C1),EEG Distraction Ã— Familiarity,Part 2,interaction,Long vs Short,,,,,,,,,,0.19875141290628456,
EEG Distraction AUC,EEG Distraction AUC,AUC,Screening Familiarity (C1),EEG Distraction Ã— Familiarity,Part 2,slope,Long,,vs Short,,,-0.010275255164147876,,,,,0.19875141290628456,
EEG Distraction AUC,EEG Distraction AUC,AUC,Screening Familiarity (C1),EEG Distraction Ã— Familiarity,Part 2,slope,Short,,Reference,,,0.006407748684268494,,,,,,
EEG Distraction AUC,EEG Distraction AUC,AUC,Screening Familiarity (C1),EEG Distraction Ã— Familiarity,Part 3,title-delta,Long vs Short,Abbott Elementary,,,,,,,,,,
EEG Distraction AUC,EEG Distraction AUC,AUC,Screening Familiarity (C1),EEG Distraction Ã— Familiarity,Part 3,title-delta,Long vs Short,Mad Max,,,,,,,,,,
EEG Distraction AUC,EEG Distraction AUC,AUC,Screening Familiarity (C1),EEG Distraction Ã— Familiarity,Part 3,title-delta,Long vs Short,The Town,,,,,,,,,,
EEG Distraction AUC,EEG Distraction AUC,AUC,Screening Familiarity (C1),EEG Distraction Ã— Familiarity,Part 3,title-form,Long,Abbott Elementary,,21.0,0.1864314089438305,,,,,,0.41842692345568705,
EEG Distraction AUC,EEG Distraction AUC,AUC,Screening Familiarity (C1),EEG Distraction Ã— Familiarity,Part 3,title-form,Long,Mad Max,,20.0,-0.15831539887345009,,,,,,0.5049996779093247,
EEG Distraction AUC,EEG Distraction AUC,AUC,Screening Familiarity (C1),EEG Distraction Ã— Familiarity,Part 3,title-form,Long,The Town,,19.0,-0.18600704742622232,,,,,,0.4458013783901935,
EEG Distraction AUC,EEG Distraction AUC,AUC,Screening Familiarity (C1),EEG Distraction Ã— Familiarity,Part 3,title-form,Short,Abbott Elementary,,24.0,0.4602150690532363,,,,,,0.023641345311225172,*
EEG Distraction AUC,EEG Distraction AUC,AUC,Screening Familiarity (C1),EEG Distraction Ã— Familiarity,Part 3,title-form,Short,Mad Max,,19.0,-0.23042698207490053,,,,,,0.3425816458923596,
EEG Distraction AUC,EEG Distraction AUC,AUC,Screening Familiarity (C1),EEG Distraction Ã— Familiarity,Part 3,title-form,Short,The Town,,18.0,-0.017866802572656368,,,,,,0.9439026924439006,
EEG High Engagement AUC,EEG High Engagement AUC,AUC,Enjoyment (NormalizedCorrected),EEG High Engagement Ã— Enjoyment,Part 1,overall,All,,,120.0,-0.017835936382949162,,83.029727222875,0.5869184027777777,0.6896186440677967,0.4875853825136611,0.8466823583239614,
EEG High Engagement AUC,EEG High Engagement AUC,AUC,Enjoyment (NormalizedCorrected),EEG High Engagement Ã— Enjoyment,Part 2,format-correlation,Long,,,59.0,-0.041402533558934536,,84.40997797176271,0.6896186440677967,,,0.7555360347410637,
EEG High Engagement AUC,EEG High Engagement AUC,AUC,Enjoyment (NormalizedCorrected),EEG High Engagement Ã— Enjoyment,Part 2,format-correlation,Short,,,61.0,-0.029634874817370302,,81.69473059690162,0.4875853825136611,,,0.820643646120008,
EEG High Engagement AUC,EEG High Engagement AUC,AUC,Enjoyment (NormalizedCorrected),EEG High Engagement Ã— Enjoyment,Part 2,interaction,Long vs Short,,,,,,,,,,0.9269267533796308,
EEG High Engagement AUC,EEG High Engagement AUC,AUC,Enjoyment (NormalizedCorrected),EEG High Engagement Ã— Enjoyment,Part 2,slope,Long,,vs Short,,,-0.00017554009953077302,,,,,0.9269267533796308,
EEG High Engagement AUC,EEG High Engagement AUC,AUC,Enjoyment (NormalizedCorrected),EEG High Engagement Ã— Enjoyment,Part 2,slope,Short,,Reference,,,-0.00010755049680322322,,,,,,
EEG High Engagement AUC,EEG High Engagement AUC,AUC,Enjoyment (NormalizedCorrected),EEG High Engagement Ã— Enjoyment,Part 3,title-delta,Long vs Short,Abbott Elementary,,,,,,,,,,
EEG High Engagement AUC,EEG High Engagement AUC,AUC,Enjoyment (NormalizedCorrected),EEG High Engagement Ã— Enjoyment,Part 3,title-delta,Long vs Short,Mad Max,,,,,,,,,,
EEG High Engagement AUC,EEG High Engagement AUC,AUC,Enjoyment (NormalizedCorrected),EEG High Engagement Ã— Enjoyment,Part 3,title-delta,Long vs Short,The Town,,,,,,,,,,
EEG High Engagement AUC,EEG High Engagement AUC,AUC,Enjoyment (NormalizedCorrected),EEG High Engagement Ã— Enjoyment,Part 3,title-form,Long,Abbott Elementary,,21.0,0.19663025172537688,,,,,,0.39294829211685267,
EEG High Engagement AUC,EEG High Engagement AUC,AUC,Enjoyment (NormalizedCorrected),EEG High Engagement Ã— Enjoyment,Part 3,title-form,Long,Mad Max,,19.0,-0.02807947766940573,,,,,,0.9091520885045054,
EEG High Engagement AUC,EEG High Engagement AUC,AUC,Enjoyment (NormalizedCorrected),EEG High Engagement Ã— Enjoyment,Part 3,title-form,Long,The Town,,19.0,-0.24410243884627159,,,,,,0.3138748469240946,
EEG High Engagement AUC,EEG High Engagement AUC,AUC,Enjoyment (NormalizedCorrected),EEG High Engagement Ã— Enjoyment,Part 3,title-form,Short,Abbott Elementary,,24.0,-0.29200767835273433,,,,,,0.16618457845446039,
EEG High Engagement AUC,EEG High Engagement AUC,AUC,Enjoyment (NormalizedCorrected),EEG High Engagement Ã— Enjoyment,Part 3,title-form,Short,Mad Max,,19.0,-0.17991123178606633,,,,,,0.46110904500669647,
EEG High Engagement AUC,EEG High Engagement AUC,AUC,Enjoyment (NormalizedCorrected),EEG High Engagement Ã— Enjoyment,Part 3,title-form,Short,The Town,,18.0,-0.20948577006986874,,,,,,0.40412156749105327,
EEG High Engagement AUC,EEG High Engagement AUC,AUC,Open-Ended Recall (Key-Moment),EEG High Engagement Ã— Recall,Part 1,overall,All,,,121.0,0.10070869147980745,,85.06753194053718,55.13223140495868,50.557377049180324,59.78333333333333,0.27172721652953113,
EEG High Engagement AUC,EEG High Engagement AUC,AUC,Open-Ended Recall (Key-Moment),EEG High Engagement Ã— Recall,Part 2,format-correlation,Long,,,61.0,0.18006281243768096,,88.28077425465573,50.557377049180324,,,0.1649480243657904,
EEG High Engagement AUC,EEG High Engagement AUC,AUC,Open-Ended Recall (Key-Moment),EEG High Engagement Ã— Recall,Part 2,format-correlation,Short,,,60.0,0.03832569429835194,,81.80073558784999,59.78333333333333,,,0.7712567391389629,
EEG High Engagement AUC,EEG High Engagement AUC,AUC,Open-Ended Recall (Key-Moment),EEG High Engagement Ã— Recall,Part 2,interaction,Long vs Short,,,,,,,,,,0.4926845290127372,
EEG High Engagement AUC,EEG High Engagement AUC,AUC,Open-Ended Recall (Key-Moment),EEG High Engagement Ã— Recall,Part 2,slope,Long,,vs Short,,,0.08022323328120122,,,,,0.4926845290127372,
EEG High Engagement AUC,EEG High Engagement AUC,AUC,Open-Ended Recall (Key-Moment),EEG High Engagement Ã— Recall,Part 2,slope,Short,,Reference,,,0.019579277389834556,,,,,,
EEG High Engagement AUC,EEG High Engagement AUC,AUC,Open-Ended Recall (Key-Moment),EEG High Engagement Ã— Recall,Part 3,title-delta,Long vs Short,Abbott Elementary,,,,,,,,,,
EEG High Engagement AUC,EEG High Engagement AUC,AUC,Open-Ended Recall (Key-Moment),EEG High Engagement Ã— Recall,Part 3,title-delta,Long vs Short,Mad Max,,,,,,,,,,
EEG High Engagement AUC,EEG High Engagement AUC,AUC,Open-Ended Recall (Key-Moment),EEG High Engagement Ã— Recall,Part 3,title-delta,Long vs Short,The Town,,,,,,,,,,
EEG High Engagement AUC,EEG High Engagement AUC,AUC,Open-Ended Recall (Key-Moment),EEG High Engagement Ã— Recall,Part 3,title-form,Long,Abbott Elementary,,21.0,0.15323298676598748,,,,,,0.5072425409808003,
EEG High Engagement AUC,EEG High Engagement AUC,AUC,Open-Ended Recall (Key-Moment),EEG High Engagement Ã— Recall,Part 3,title-form,Long,Mad Max,,20.0,0.5180633346367874,,,,,,0.019288599319597366,*
EEG High Engagement AUC,EEG High Engagement AUC,AUC,Open-Ended Recall (Key-Moment),EEG High Engagement Ã— Recall,Part 3,title-form,Long,The Town,,20.0,0.4565673617815259,,,,,,0.0430137988807762,*
EEG High Engagement AUC,EEG High Engagement AUC,AUC,Open-Ended Recall (Key-Moment),EEG High Engagement Ã— Recall,Part 3,title-form,Short,Abbott Elementary,,24.0,-0.11531739115425874,,,,,,0.5915614219245521,
EEG High Engagement AUC,EEG High Engagement AUC,AUC,Open-Ended Recall (Key-Moment),EEG High Engagement Ã— Recall,Part 3,title-form,Short,Mad Max,,19.0,0.003737970500059894,,,,,,0.9878828019555824,
EEG High Engagement AUC,EEG High Engagement AUC,AUC,Open-Ended Recall (Key-Moment),EEG High Engagement Ã— Recall,Part 3,title-form,Short,The Town,,17.0,0.3938749189506511,,,,,,0.11774526580625366,
EEG High Engagement AUC,EEG High Engagement AUC,AUC,Screening Familiarity (C1),EEG High Engagement Ã— Familiarity,Part 1,overall,All,,,121.0,-0.05312706384234393,,84.04000957888431,3.355371900826446,3.6166666666666667,3.098360655737705,0.5627642197066937,
EEG High Engagement AUC,EEG High Engagement AUC,AUC,Screening Familiarity (C1),EEG High Engagement Ã— Familiarity,Part 2,format-correlation,Long,,,60.0,-0.0296099403146052,,86.4243765439,3.6166666666666667,,,0.8223044361524763,
EEG High Engagement AUC,EEG High Engagement AUC,AUC,Screening Familiarity (C1),EEG High Engagement Ã— Familiarity,Part 2,format-correlation,Short,,,61.0,-0.09461636291202064,,81.69473059690162,3.098360655737705,,,0.46825627728479474,
EEG High Engagement AUC,EEG High Engagement AUC,AUC,Screening Familiarity (C1),EEG High Engagement Ã— Familiarity,Part 2,interaction,Long vs Short,,,,,,,,,,0.7097084055085273,
EEG High Engagement AUC,EEG High Engagement AUC,AUC,Screening Familiarity (C1),EEG High Engagement Ã— Familiarity,Part 2,slope,Long,,vs Short,,,-0.001460464545650541,,,,,0.7097084055085273,
EEG High Engagement AUC,EEG High Engagement AUC,AUC,Screening Familiarity (C1),EEG High Engagement Ã— Familiarity,Part 2,slope,Short,,Reference,,,-0.004991277322851082,,,,,,
EEG High Engagement AUC,EEG High Engagement AUC,AUC,Screening Familiarity (C1),EEG High Engagement Ã— Familiarity,Part 3,title-delta,Long vs Short,Abbott Elementary,,,,,,,,,,
EEG High Engagement AUC,EEG High Engagement AUC,AUC,Screening Familiarity (C1),EEG High Engagement Ã— Familiarity,Part 3,title-delta,Long vs Short,Mad Max,,,,,,,,,,
EEG High Engagement AUC,EEG High Engagement AUC,AUC,Screening Familiarity (C1),EEG High Engagement Ã— Familiarity,Part 3,title-delta,Long vs Short,The Town,,,,,,,,,,
EEG High Engagement AUC,EEG High Engagement AUC,AUC,Screening Familiarity (C1),EEG High Engagement Ã— Familiarity,Part 3,title-form,Long,Abbott Elementary,,21.0,-0.05026372305226902,,,,,,0.8286999442505805,
EEG High Engagement AUC,EEG High Engagement AUC,AUC,Screening Familiarity (C1),EEG High Engagement Ã— Familiarity,Part 3,title-form,Long,Mad Max,,20.0,0.2571767019051418,,,,,,0.27368514138263345,
EEG High Engagement AUC,EEG High Engagement AUC,AUC,Screening Familiarity (C1),EEG High Engagement Ã— Familiarity,Part 3,title-form,Long,The Town,,19.0,0.2069647626164961,,,,,,0.39523936985480174,
EEG High Engagement AUC,EEG High Engagement AUC,AUC,Screening Familiarity (C1),EEG High Engagement Ã— Familiarity,Part 3,title-form,Short,Abbott Elementary,,24.0,-0.4546534758825181,,,,,,0.025608705001567894,*
EEG High Engagement AUC,EEG High Engagement AUC,AUC,Screening Familiarity (C1),EEG High Engagement Ã— Familiarity,Part 3,title-form,Short,Mad Max,,19.0,0.08183931017536385,,,,,,0.7390809847810118,
EEG High Engagement AUC,EEG High Engagement AUC,AUC,Screening Familiarity (C1),EEG High Engagement Ã— Familiarity,Part 3,title-form,Short,The Town,,18.0,0.15090524852997375,,,,,,0.5500315768114657,
ET Blink Rate,ET Blink Rate,RATE,Enjoyment (NormalizedCorrected),ET Blink Rate Ã— Enjoyment,Part 1,overall,All,,,137.0,-0.09216490857745674,,114.85719271756204,0.5764218369829684,0.6773897058823529,0.47691727053140087,0.28409748047421274,
ET Blink Rate,ET Blink Rate,RATE,Enjoyment (NormalizedCorrected),ET Blink Rate Ã— Enjoyment,Part 2,format-correlation,Long,,,68.0,-0.2620775545303139,,125.42157004108824,0.6773897058823529,,,0.030852486228447933,*
ET Blink Rate,ET Blink Rate,RATE,Enjoyment (NormalizedCorrected),ET Blink Rate Ã— Enjoyment,Part 2,format-correlation,Short,,,69.0,0.05823040354384714,,104.44592231176813,0.47691727053140087,,,0.6345980562101592,
ET Blink Rate,ET Blink Rate,RATE,Enjoyment (NormalizedCorrected),ET Blink Rate Ã— Enjoyment,Part 2,interaction,Long vs Short,,,,,,,,,,0.09772336691257646,
ET Blink Rate,ET Blink Rate,RATE,Enjoyment (NormalizedCorrected),ET Blink Rate Ã— Enjoyment,Part 2,slope,Long,,vs Short,,,-0.0004974720245095523,,,,,0.09772336691257646,
ET Blink Rate,ET Blink Rate,RATE,Enjoyment (NormalizedCorrected),ET Blink Rate Ã— Enjoyment,Part 2,slope,Short,,Reference,,,0.0001310987720565959,,,,,,
ET Blink Rate,ET Blink Rate,RATE,Enjoyment (NormalizedCorrected),ET Blink Rate Ã— Enjoyment,Part 2.1,format-correlation-title,Long,,,22.0,-0.06314201527329949,,123.36748547045454,0.6676136363636365,,,0.7801273335741863,
ET Blink Rate,ET Blink Rate,RATE,Enjoyment (NormalizedCorrected),ET Blink Rate Ã— Enjoyment,Part 2.1,format-correlation-title,Long,,,23.0,-0.580415755330801,,134.58799059695653,0.5905797101449275,,,0.003688836064864229,*
ET Blink Rate,ET Blink Rate,RATE,Enjoyment (NormalizedCorrected),ET Blink Rate Ã— Enjoyment,Part 2.1,format-correlation-title,Long,,,23.0,0.1991655003724982,,118.21992603104349,0.7735507246376813,,,0.3622570231199872,
ET Blink Rate,ET Blink Rate,RATE,Enjoyment (NormalizedCorrected),ET Blink Rate Ã— Enjoyment,Part 2.1,format-correlation-title,Short,,,30.0,0.12901005200865148,,119.528772829,0.44635416666666666,,,0.49685923163424117,
ET Blink Rate,ET Blink Rate,RATE,Enjoyment (NormalizedCorrected),ET Blink Rate Ã— Enjoyment,Part 2.1,format-correlation-title,Short,,,21.0,0.21001295736542364,,85.55012783238095,0.45317460317460323,,,0.36086498497703035,
ET Blink Rate,ET Blink Rate,RATE,Enjoyment (NormalizedCorrected),ET Blink Rate Ã— Enjoyment,Part 2.1,format-correlation-title,Short,,,18.0,-0.22211699286259162,,101.35293167566667,0.5555555555555556,,,0.37569873294029643,
ET Blink Rate,ET Blink Rate,RATE,Enjoyment (NormalizedCorrected),ET Blink Rate Ã— Enjoyment,Part 2.1,interaction,Long vs Short,,,,,,,,,,0.5548760548850309,
ET Blink Rate,ET Blink Rate,RATE,Enjoyment (NormalizedCorrected),ET Blink Rate Ã— Enjoyment,Part 2.1,interaction,Long vs Short,,,,,,,,,,0.05318870655354686,
ET Blink Rate,ET Blink Rate,RATE,Enjoyment (NormalizedCorrected),ET Blink Rate Ã— Enjoyment,Part 2.1,interaction,Long vs Short,,,,,,,,,,0.2264790055260625,
ET Blink Rate,ET Blink Rate,RATE,Enjoyment (NormalizedCorrected),ET Blink Rate Ã— Enjoyment,Part 2.1,slope,Long,,vs Short,,,-0.00024207864420226213,,,,,0.5548760548850309,
ET Blink Rate,ET Blink Rate,RATE,Enjoyment (NormalizedCorrected),ET Blink Rate Ã— Enjoyment,Part 2.1,slope,Long,,vs Short,,,-0.0009632822536782274,,,,,0.05318870655354686,
ET Blink Rate,ET Blink Rate,RATE,Enjoyment (NormalizedCorrected),ET Blink Rate Ã— Enjoyment,Part 2.1,slope,Long,,vs Short,,,0.00021551430703129805,,,,,0.2264790055260625,
ET Blink Rate,ET Blink Rate,RATE,Enjoyment (NormalizedCorrected),ET Blink Rate Ã— Enjoyment,Part 2.1,slope,Short,,Reference,,,0.00026780665139581174,,,,,,
ET Blink Rate,ET Blink Rate,RATE,Enjoyment (NormalizedCorrected),ET Blink Rate Ã— Enjoyment,Part 2.1,slope,Short,,Reference,,,0.0006112179440002911,,,,,,
ET Blink Rate,ET Blink Rate,RATE,Enjoyment (NormalizedCorrected),ET Blink Rate Ã— Enjoyment,Part 2.1,slope,Short,,Reference,,,-0.00040886844550954695,,,,,,
ET Blink Rate,ET Blink Rate,RATE,Enjoyment (NormalizedCorrected),ET Blink Rate Ã— Enjoyment,Part 3,title-delta,Long vs Short,Abbott Elementary,,,,,,,,,,
ET Blink Rate,ET Blink Rate,RATE,Enjoyment (NormalizedCorrected),ET Blink Rate Ã— Enjoyment,Part 3,title-delta,Long vs Short,Mad Max,,,,,,,,,,
ET Blink Rate,ET Blink Rate,RATE,Enjoyment (NormalizedCorrected),ET Blink Rate Ã— Enjoyment,Part 3,title-delta,Long vs Short,The Town,,,,,,,,,,
ET Blink Rate,ET Blink Rate,RATE,Enjoyment (NormalizedCorrected),ET Blink Rate Ã— Enjoyment,Part 3,title-form,Long,Abbott Elementary,,22.0,-0.06314201527329949,,,,,,0.7801273335741863,
ET Blink Rate,ET Blink Rate,RATE,Enjoyment (NormalizedCorrected),ET Blink Rate Ã— Enjoyment,Part 3,title-form,Long,Mad Max,,23.0,-0.580415755330801,,,,,,0.003688836064864229,*
ET Blink Rate,ET Blink Rate,RATE,Enjoyment (NormalizedCorrected),ET Blink Rate Ã— Enjoyment,Part 3,title-form,Long,The Town,,23.0,0.1991655003724982,,,,,,0.3622570231199872,
ET Blink Rate,ET Blink Rate,RATE,Enjoyment (NormalizedCorrected),ET Blink Rate Ã— Enjoyment,Part 3,title-form,Short,Abbott Elementary,,30.0,0.12901005200865148,,,,,,0.49685923163424117,
ET Blink Rate,ET Blink Rate,RATE,Enjoyment (NormalizedCorrected),ET Blink Rate Ã— Enjoyment,Part 3,title-form,Short,Mad Max,,21.0,0.21001295736542364,,,,,,0.36086498497703035,
ET Blink Rate,ET Blink Rate,RATE,Enjoyment (NormalizedCorrected),ET Blink Rate Ã— Enjoyment,Part 3,title-form,Short,The Town,,18.0,-0.22211699286259162,,,,,,0.37569873294029643,
ET Blink Rate,ET Blink Rate,RATE,Open-Ended Recall (Key-Moment),ET Blink Rate Ã— Recall,Part 1,overall,All,,,135.0,0.06254758438748555,,114.74719632227406,55.13333333333333,50.89705882352941,59.43283582089552,0.47110307030033155,
ET Blink Rate,ET Blink Rate,RATE,Open-Ended Recall (Key-Moment),ET Blink Rate Ã— Recall,Part 2,format-correlation,Long,,,68.0,0.11276215459925695,,123.74405446830885,50.89705882352941,,,0.35990522411822734,
ET Blink Rate,ET Blink Rate,RATE,Open-Ended Recall (Key-Moment),ET Blink Rate Ã— Recall,Part 2,format-correlation,Short,,,67.0,0.028817158774897336,,105.61605671137313,59.43283582089552,,,0.8169359686686881,
ET Blink Rate,ET Blink Rate,RATE,Open-Ended Recall (Key-Moment),ET Blink Rate Ã— Recall,Part 2,interaction,Long vs Short,,,,,,,,,,0.7657085330366844,
ET Blink Rate,ET Blink Rate,RATE,Open-Ended Recall (Key-Moment),ET Blink Rate Ã— Recall,Part 2,slope,Long,,vs Short,,,0.02379151302438136,,,,,0.7657085330366844,
ET Blink Rate,ET Blink Rate,RATE,Open-Ended Recall (Key-Moment),ET Blink Rate Ã— Recall,Part 2,slope,Short,,Reference,,,0.009384249049893288,,,,,,
ET Blink Rate,ET Blink Rate,RATE,Open-Ended Recall (Key-Moment),ET Blink Rate Ã— Recall,Part 3,title-delta,Long vs Short,Abbott Elementary,,,,,,,,,,
ET Blink Rate,ET Blink Rate,RATE,Open-Ended Recall (Key-Moment),ET Blink Rate Ã— Recall,Part 3,title-delta,Long vs Short,Mad Max,,,,,,,,,,
ET Blink Rate,ET Blink Rate,RATE,Open-Ended Recall (Key-Moment),ET Blink Rate Ã— Recall,Part 3,title-delta,Long vs Short,The Town,,,,,,,,,,
ET Blink Rate,ET Blink Rate,RATE,Open-Ended Recall (Key-Moment),ET Blink Rate Ã— Recall,Part 3,title-form,Long,Abbott Elementary,,20.0,0.21274168301945065,,,,,,0.36784380498309244,
ET Blink Rate,ET Blink Rate,RATE,Open-Ended Recall (Key-Moment),ET Blink Rate Ã— Recall,Part 3,title-form,Long,Mad Max,,24.0,0.058119176194362944,,,,,,0.787350416557411,
ET Blink Rate,ET Blink Rate,RATE,Open-Ended Recall (Key-Moment),ET Blink Rate Ã— Recall,Part 3,title-form,Long,The Town,,24.0,0.25067458226098044,,,,,,0.23741504960956658,
ET Blink Rate,ET Blink Rate,RATE,Open-Ended Recall (Key-Moment),ET Blink Rate Ã— Recall,Part 3,title-form,Short,Abbott Elementary,,29.0,0.012555952668650366,,,,,,0.9484574303031768,
ET Blink Rate,ET Blink Rate,RATE,Open-Ended Recall (Key-Moment),ET Blink Rate Ã— Recall,Part 3,title-form,Short,Mad Max,,21.0,-0.2192449457350366,,,,,,0.3396423086469933,
ET Blink Rate,ET Blink Rate,RATE,Open-Ended Recall (Key-Moment),ET Blink Rate Ã— Recall,Part 3,title-form,Short,The Town,,17.0,0.24894136330656688,,,,,,0.33528902834050417,
ET Blink Rate,ET Blink Rate,RATE,Screening Familiarity (C1),ET Blink Rate Ã— Familiarity,Part 1,overall,All,,,138.0,0.042310286427593505,,114.06161033773189,3.2246376811594204,3.3043478260869565,3.1449275362318843,0.6222012003749605,
ET Blink Rate,ET Blink Rate,RATE,Screening Familiarity (C1),ET Blink Rate Ã— Familiarity,Part 2,format-correlation,Long,,,69.0,0.082097079485274,,123.67729836369567,3.3043478260869565,,,0.5024597569482838,
ET Blink Rate,ET Blink Rate,RATE,Screening Familiarity (C1),ET Blink Rate Ã— Familiarity,Part 2,format-correlation,Short,,,69.0,-0.030054040840528803,,104.44592231176813,3.1449275362318843,,,0.8063463369475877,
ET Blink Rate,ET Blink Rate,RATE,Screening Familiarity (C1),ET Blink Rate Ã— Familiarity,Part 2,interaction,Long vs Short,,,,,,,,,,0.5705460558414729,
ET Blink Rate,ET Blink Rate,RATE,Screening Familiarity (C1),ET Blink Rate Ã— Familiarity,Part 2,slope,Long,,vs Short,,,0.0017459029079860719,,,,,0.5705460558414729,
ET Blink Rate,ET Blink Rate,RATE,Screening Familiarity (C1),ET Blink Rate Ã— Familiarity,Part 2,slope,Short,,Reference,,,-0.0009803147204463908,,,,,,
ET Blink Rate,ET Blink Rate,RATE,Screening Familiarity (C1),ET Blink Rate Ã— Familiarity,Part 3,title-delta,Long vs Short,Abbott Elementary,,,,,,,,,,
ET Blink Rate,ET Blink Rate,RATE,Screening Familiarity (C1),ET Blink Rate Ã— Familiarity,Part 3,title-delta,Long vs Short,Mad Max,,,,,,,,,,
ET Blink Rate,ET Blink Rate,RATE,Screening Familiarity (C1),ET Blink Rate Ã— Familiarity,Part 3,title-delta,Long vs Short,The Town,,,,,,,,,,
ET Blink Rate,ET Blink Rate,RATE,Screening Familiarity (C1),ET Blink Rate Ã— Familiarity,Part 3,title-form,Long,Abbott Elementary,,22.0,-0.023572187711914765,,,,,,0.9170712838796518,
ET Blink Rate,ET Blink Rate,RATE,Screening Familiarity (C1),ET Blink Rate Ã— Familiarity,Part 3,title-form,Long,Mad Max,,24.0,-0.05627089158887782,,,,,,0.7939688525046229,
ET Blink Rate,ET Blink Rate,RATE,Screening Familiarity (C1),ET Blink Rate Ã— Familiarity,Part 3,title-form,Long,The Town,,23.0,0.32076616666577507,,,,,,0.1356171808186673,
ET Blink Rate,ET Blink Rate,RATE,Screening Familiarity (C1),ET Blink Rate Ã— Familiarity,Part 3,title-form,Short,Abbott Elementary,,30.0,-0.07257025649387358,,,,,,0.7031311895060705,
ET Blink Rate,ET Blink Rate,RATE,Screening Familiarity (C1),ET Blink Rate Ã— Familiarity,Part 3,title-form,Short,Mad Max,,21.0,0.15739259127471508,,,,,,0.49564100620818385,
ET Blink Rate,ET Blink Rate,RATE,Screening Familiarity (C1),ET Blink Rate Ã— Familiarity,Part 3,title-form,Short,The Town,,18.0,0.031057450571875693,,,,,,0.9026339496683247,
ET Fixation Dispersion Mean,ET Fixation Dispersion Mean,MEAN,Enjoyment (NormalizedCorrected),ET Fixation Dispersion Ã— Enjoyment,Part 1,overall,All,,,163.0,0.121353060202162,,0.48726502244785275,0.5814864519427403,0.6805555555555556,0.4836255081300812,0.12280230425668565,
ET Fixation Dispersion Mean,ET Fixation Dispersion Mean,MEAN,Enjoyment (NormalizedCorrected),ET Fixation Dispersion Ã— Enjoyment,Part 2,format-correlation,Long,,,81.0,0.3005571664676982,,0.4824000254074074,0.6805555555555556,,,0.006404623307075173,*
ET Fixation Dispersion Mean,ET Fixation Dispersion Mean,MEAN,Enjoyment (NormalizedCorrected),ET Fixation Dispersion Ã— Enjoyment,Part 2,format-correlation,Short,,,82.0,-0.00023584814073656334,,0.49207069025609756,0.4836255081300812,,,0.9983221232238212,
ET Fixation Dispersion Mean,ET Fixation Dispersion Mean,MEAN,Enjoyment (NormalizedCorrected),ET Fixation Dispersion Ã— Enjoyment,Part 2,interaction,Long vs Short,,,,,,,,,,0.019933533391700047,*
ET Fixation Dispersion Mean,ET Fixation Dispersion Mean,MEAN,Enjoyment (NormalizedCorrected),ET Fixation Dispersion Ã— Enjoyment,Part 2,slope,Long,,vs Short,,,0.7227321304065675,,,,,0.019933533391700047,*
ET Fixation Dispersion Mean,ET Fixation Dispersion Mean,MEAN,Enjoyment (NormalizedCorrected),ET Fixation Dispersion Ã— Enjoyment,Part 2,slope,Short,,Reference,,,-0.0003703223487872345,,,,,,
ET Fixation Dispersion Mean,ET Fixation Dispersion Mean,MEAN,Enjoyment (NormalizedCorrected),ET Fixation Dispersion Ã— Enjoyment,Part 2.1,format-correlation-title,Long,,,30.0,0.33140432513367213,,0.4653659651,0.6583333333333332,,,0.07361651374880229,
ET Fixation Dispersion Mean,ET Fixation Dispersion Mean,MEAN,Enjoyment (NormalizedCorrected),ET Fixation Dispersion Ã— Enjoyment,Part 2.1,format-correlation-title,Long,,,23.0,0.15627169342048006,,0.43897461491304346,0.5905797101449275,,,0.47643281089821493,
ET Fixation Dispersion Mean,ET Fixation Dispersion Mean,MEAN,Enjoyment (NormalizedCorrected),ET Fixation Dispersion Ã— Enjoyment,Part 2.1,format-correlation-title,Long,,,28.0,0.05360181252322383,,0.5363216772142857,0.7782738095238095,,,0.7864700528544599,
ET Fixation Dispersion Mean,ET Fixation Dispersion Mean,MEAN,Enjoyment (NormalizedCorrected),ET Fixation Dispersion Ã— Enjoyment,Part 2.1,format-correlation-title,Short,,,30.0,-0.23352493113683295,,0.43874954913333325,0.44635416666666666,,,0.21424462710250475,
ET Fixation Dispersion Mean,ET Fixation Dispersion Mean,MEAN,Enjoyment (NormalizedCorrected),ET Fixation Dispersion Ã— Enjoyment,Part 2.1,format-correlation-title,Short,,,26.0,-0.011894154353453826,,0.5249622181538461,0.4570512820512821,,,0.9540133879712664,
ET Fixation Dispersion Mean,ET Fixation Dispersion Mean,MEAN,Enjoyment (NormalizedCorrected),ET Fixation Dispersion Ã— Enjoyment,Part 2.1,format-correlation-title,Short,,,26.0,0.0034223843833733475,,0.5207035559615385,0.5532051282051282,,,0.9867616694133674,
ET Fixation Dispersion Mean,ET Fixation Dispersion Mean,MEAN,Enjoyment (NormalizedCorrected),ET Fixation Dispersion Ã— Enjoyment,Part 2.1,interaction,Long vs Short,,,,,,,,,,0.025457382572526544,*
ET Fixation Dispersion Mean,ET Fixation Dispersion Mean,MEAN,Enjoyment (NormalizedCorrected),ET Fixation Dispersion Ã— Enjoyment,Part 2.1,interaction,Long vs Short,,,,,,,,,,0.4846836918697487,
ET Fixation Dispersion Mean,ET Fixation Dispersion Mean,MEAN,Enjoyment (NormalizedCorrected),ET Fixation Dispersion Ã— Enjoyment,Part 2.1,interaction,Long vs Short,,,,,,,,,,0.8469212172797952,
ET Fixation Dispersion Mean,ET Fixation Dispersion Mean,MEAN,Enjoyment (NormalizedCorrected),ET Fixation Dispersion Ã— Enjoyment,Part 2.1,slope,Long,,vs Short,,,1.2242046809184226,,,,,0.025457382572526544,*
ET Fixation Dispersion Mean,ET Fixation Dispersion Mean,MEAN,Enjoyment (NormalizedCorrected),ET Fixation Dispersion Ã— Enjoyment,Part 2.1,slope,Long,,vs Short,,,0.4487421781272762,,,,,0.4846836918697487,
ET Fixation Dispersion Mean,ET Fixation Dispersion Mean,MEAN,Enjoyment (NormalizedCorrected),ET Fixation Dispersion Ã— Enjoyment,Part 2.1,slope,Long,,vs Short,,,0.07076085424946943,,,,,0.8469212172797952,
ET Fixation Dispersion Mean,ET Fixation Dispersion Mean,MEAN,Enjoyment (NormalizedCorrected),ET Fixation Dispersion Ã— Enjoyment,Part 2.1,slope,Short,,Reference,,,-0.5483192271519246,,,,,,
ET Fixation Dispersion Mean,ET Fixation Dispersion Mean,MEAN,Enjoyment (NormalizedCorrected),ET Fixation Dispersion Ã— Enjoyment,Part 2.1,slope,Short,,Reference,,,-0.018951430282420023,,,,,,
ET Fixation Dispersion Mean,ET Fixation Dispersion Mean,MEAN,Enjoyment (NormalizedCorrected),ET Fixation Dispersion Ã— Enjoyment,Part 2.1,slope,Short,,Reference,,,0.003833885726058472,,,,,,
ET Fixation Dispersion Mean,ET Fixation Dispersion Mean,MEAN,Enjoyment (NormalizedCorrected),ET Fixation Dispersion Ã— Enjoyment,Part 3,title-delta,Long vs Short,Abbott Elementary,,,,,,,,,,
ET Fixation Dispersion Mean,ET Fixation Dispersion Mean,MEAN,Enjoyment (NormalizedCorrected),ET Fixation Dispersion Ã— Enjoyment,Part 3,title-delta,Long vs Short,Mad Max,,,,,,,,,,
ET Fixation Dispersion Mean,ET Fixation Dispersion Mean,MEAN,Enjoyment (NormalizedCorrected),ET Fixation Dispersion Ã— Enjoyment,Part 3,title-delta,Long vs Short,The Town,,,,,,,,,,
ET Fixation Dispersion Mean,ET Fixation Dispersion Mean,MEAN,Enjoyment (NormalizedCorrected),ET Fixation Dispersion Ã— Enjoyment,Part 3,title-form,Long,Abbott Elementary,,30.0,0.33140432513367213,,,,,,0.07361651374880229,
ET Fixation Dispersion Mean,ET Fixation Dispersion Mean,MEAN,Enjoyment (NormalizedCorrected),ET Fixation Dispersion Ã— Enjoyment,Part 3,title-form,Long,Mad Max,,23.0,0.15627169342048006,,,,,,0.47643281089821493,
ET Fixation Dispersion Mean,ET Fixation Dispersion Mean,MEAN,Enjoyment (NormalizedCorrected),ET Fixation Dispersion Ã— Enjoyment,Part 3,title-form,Long,The Town,,28.0,0.05360181252322383,,,,,,0.7864700528544599,
ET Fixation Dispersion Mean,ET Fixation Dispersion Mean,MEAN,Enjoyment (NormalizedCorrected),ET Fixation Dispersion Ã— Enjoyment,Part 3,title-form,Short,Abbott Elementary,,30.0,-0.23352493113683295,,,,,,0.21424462710250475,
ET Fixation Dispersion Mean,ET Fixation Dispersion Mean,MEAN,Enjoyment (NormalizedCorrected),ET Fixation Dispersion Ã— Enjoyment,Part 3,title-form,Short,Mad Max,,26.0,-0.011894154353453826,,,,,,0.9540133879712664,
ET Fixation Dispersion Mean,ET Fixation Dispersion Mean,MEAN,Enjoyment (NormalizedCorrected),ET Fixation Dispersion Ã— Enjoyment,Part 3,title-form,Short,The Town,,26.0,0.0034223843833733475,,,,,,0.9867616694133674,
ET Fixation Dispersion Mean,ET Fixation Dispersion Mean,MEAN,Open-Ended Recall (Key-Moment),ET Fixation Dispersion Ã— Recall,Part 1,overall,All,,,161.0,-0.04197622259948006,,0.48841741670186334,55.484472049689444,51.617283950617285,59.4,0.5970124741911479,
ET Fixation Dispersion Mean,ET Fixation Dispersion Mean,MEAN,Open-Ended Recall (Key-Moment),ET Fixation Dispersion Ã— Recall,Part 2,format-correlation,Long,,,81.0,0.03799438630235844,,0.48492296309876537,51.617283950617285,,,0.7363006578503176,
ET Fixation Dispersion Mean,ET Fixation Dispersion Mean,MEAN,Open-Ended Recall (Key-Moment),ET Fixation Dispersion Ã— Recall,Part 2,format-correlation,Short,,,80.0,-0.12881856435981565,,0.49195555097499993,59.4,,,0.25478374052450886,
ET Fixation Dispersion Mean,ET Fixation Dispersion Mean,MEAN,Open-Ended Recall (Key-Moment),ET Fixation Dispersion Ã— Recall,Part 2,interaction,Long vs Short,,,,,,,,,,0.312495113903232,
ET Fixation Dispersion Mean,ET Fixation Dispersion Mean,MEAN,Open-Ended Recall (Key-Moment),ET Fixation Dispersion Ã— Recall,Part 2,slope,Long,,vs Short,,,10.01582025064521,,,,,0.312495113903232,
ET Fixation Dispersion Mean,ET Fixation Dispersion Mean,MEAN,Open-Ended Recall (Key-Moment),ET Fixation Dispersion Ã— Recall,Part 2,slope,Short,,Reference,,,-29.96458527450792,,,,,,
ET Fixation Dispersion Mean,ET Fixation Dispersion Mean,MEAN,Open-Ended Recall (Key-Moment),ET Fixation Dispersion Ã— Recall,Part 3,title-delta,Long vs Short,Abbott Elementary,,,,,,,,,,
ET Fixation Dispersion Mean,ET Fixation Dispersion Mean,MEAN,Open-Ended Recall (Key-Moment),ET Fixation Dispersion Ã— Recall,Part 3,title-delta,Long vs Short,Mad Max,,,,,,,,,,
ET Fixation Dispersion Mean,ET Fixation Dispersion Mean,MEAN,Open-Ended Recall (Key-Moment),ET Fixation Dispersion Ã— Recall,Part 3,title-delta,Long vs Short,The Town,,,,,,,,,,
ET Fixation Dispersion Mean,ET Fixation Dispersion Mean,MEAN,Open-Ended Recall (Key-Moment),ET Fixation Dispersion Ã— Recall,Part 3,title-form,Long,Abbott Elementary,,28.0,-0.4425525847746592,,,,,,0.018361209360010754,*
ET Fixation Dispersion Mean,ET Fixation Dispersion Mean,MEAN,Open-Ended Recall (Key-Moment),ET Fixation Dispersion Ã— Recall,Part 3,title-form,Long,Mad Max,,24.0,0.017434350173671377,,,,,,0.9355558034936045,
ET Fixation Dispersion Mean,ET Fixation Dispersion Mean,MEAN,Open-Ended Recall (Key-Moment),ET Fixation Dispersion Ã— Recall,Part 3,title-form,Long,The Town,,29.0,-0.2013714413464734,,,,,,0.29487071890944994,
ET Fixation Dispersion Mean,ET Fixation Dispersion Mean,MEAN,Open-Ended Recall (Key-Moment),ET Fixation Dispersion Ã— Recall,Part 3,title-form,Short,Abbott Elementary,,29.0,-0.030109126461222227,,,,,,0.8767856386598224,
ET Fixation Dispersion Mean,ET Fixation Dispersion Mean,MEAN,Open-Ended Recall (Key-Moment),ET Fixation Dispersion Ã— Recall,Part 3,title-form,Short,Mad Max,,26.0,-0.4048010911593579,,,,,,0.040235282270979084,*
ET Fixation Dispersion Mean,ET Fixation Dispersion Mean,MEAN,Open-Ended Recall (Key-Moment),ET Fixation Dispersion Ã— Recall,Part 3,title-form,Short,The Town,,25.0,0.024737191108683818,,,,,,0.9065658301450407,
ET Fixation Dispersion Mean,ET Fixation Dispersion Mean,MEAN,Screening Familiarity (C1),ET Fixation Dispersion Ã— Familiarity,Part 1,overall,All,,,164.0,-0.04026925805999752,,0.48746440552439024,3.176829268292683,3.268292682926829,3.0853658536585367,0.6086780342930408,
ET Fixation Dispersion Mean,ET Fixation Dispersion Mean,MEAN,Screening Familiarity (C1),ET Fixation Dispersion Ã— Familiarity,Part 2,format-correlation,Long,,,82.0,-0.03667064708527703,,0.482858120792683,3.268292682926829,,,0.7436081296552185,
ET Fixation Dispersion Mean,ET Fixation Dispersion Mean,MEAN,Screening Familiarity (C1),ET Fixation Dispersion Ã— Familiarity,Part 2,format-correlation,Short,,,82.0,-0.040636852878881205,,0.49207069025609756,3.0853658536585367,,,0.7169911956900875,
ET Fixation Dispersion Mean,ET Fixation Dispersion Mean,MEAN,Screening Familiarity (C1),ET Fixation Dispersion Ã— Familiarity,Part 2,interaction,Long vs Short,,,,,,,,,,0.9844806352750499,
ET Fixation Dispersion Mean,ET Fixation Dispersion Mean,MEAN,Screening Familiarity (C1),ET Fixation Dispersion Ã— Familiarity,Part 2,slope,Long,,vs Short,,,-1.0183031712350057,,,,,0.9844806352750499,
ET Fixation Dispersion Mean,ET Fixation Dispersion Mean,MEAN,Screening Familiarity (C1),ET Fixation Dispersion Ã— Familiarity,Part 2,slope,Short,,Reference,,,-0.9399615062200722,,,,,,
ET Fixation Dispersion Mean,ET Fixation Dispersion Mean,MEAN,Screening Familiarity (C1),ET Fixation Dispersion Ã— Familiarity,Part 3,title-delta,Long vs Short,Abbott Elementary,,,,,,,,,,
ET Fixation Dispersion Mean,ET Fixation Dispersion Mean,MEAN,Screening Familiarity (C1),ET Fixation Dispersion Ã— Familiarity,Part 3,title-delta,Long vs Short,Mad Max,,,,,,,,,,
ET Fixation Dispersion Mean,ET Fixation Dispersion Mean,MEAN,Screening Familiarity (C1),ET Fixation Dispersion Ã— Familiarity,Part 3,title-delta,Long vs Short,The Town,,,,,,,,,,
ET Fixation Dispersion Mean,ET Fixation Dispersion Mean,MEAN,Screening Familiarity (C1),ET Fixation Dispersion Ã— Familiarity,Part 3,title-form,Long,Abbott Elementary,,30.0,0.002722812865882461,,,,,,0.988606789722356,
ET Fixation Dispersion Mean,ET Fixation Dispersion Mean,MEAN,Screening Familiarity (C1),ET Fixation Dispersion Ã— Familiarity,Part 3,title-form,Long,Mad Max,,24.0,-0.2203078447154894,,,,,,0.30092728832846305,
ET Fixation Dispersion Mean,ET Fixation Dispersion Mean,MEAN,Screening Familiarity (C1),ET Fixation Dispersion Ã— Familiarity,Part 3,title-form,Long,The Town,,28.0,0.21486582371153906,,,,,,0.27219865312879066,
ET Fixation Dispersion Mean,ET Fixation Dispersion Mean,MEAN,Screening Familiarity (C1),ET Fixation Dispersion Ã— Familiarity,Part 3,title-form,Short,Abbott Elementary,,30.0,0.10075739359943467,,,,,,0.596269662149603,
ET Fixation Dispersion Mean,ET Fixation Dispersion Mean,MEAN,Screening Familiarity (C1),ET Fixation Dispersion Ã— Familiarity,Part 3,title-form,Short,Mad Max,,26.0,-0.14817244572934607,,,,,,0.4700617590700804,
ET Fixation Dispersion Mean,ET Fixation Dispersion Mean,MEAN,Screening Familiarity (C1),ET Fixation Dispersion Ã— Familiarity,Part 3,title-form,Short,The Town,,26.0,-0.16810974097202058,,,,,,0.4117012737822528,
FAC Adaptive Engagement,FAC Adaptive Engagement,AUC,Enjoyment (NormalizedCorrected),FAC Adaptive Ã— Enjoyment,Part 1,overall,All,,,163.0,0.039624622197500785,,42.37392024539878,0.5814864519427403,0.6805555555555556,0.4836255081300812,0.6155287372556265,
FAC Adaptive Engagement,FAC Adaptive Engagement,AUC,Enjoyment (NormalizedCorrected),FAC Adaptive Ã— Enjoyment,Part 2,format-correlation,Long,,,81.0,-0.06797906492554577,,44.85774691358024,0.6805555555555556,,,0.5465083706202088,
FAC Adaptive Engagement,FAC Adaptive Engagement,AUC,Enjoyment (NormalizedCorrected),FAC Adaptive Ã— Enjoyment,Part 2,format-correlation,Short,,,82.0,0.14694647922354886,,39.92038414634146,0.4836255081300812,,,0.18770691944816842,
FAC Adaptive Engagement,FAC Adaptive Engagement,AUC,Enjoyment (NormalizedCorrected),FAC Adaptive Ã— Enjoyment,Part 2,interaction,Long vs Short,,,,,,,,,,0.2080780654025292,
FAC Adaptive Engagement,FAC Adaptive Engagement,AUC,Enjoyment (NormalizedCorrected),FAC Adaptive Ã— Enjoyment,Part 2,slope,Long,,vs Short,,,-0.0002577889071146918,,,,,0.2080780654025292,
FAC Adaptive Engagement,FAC Adaptive Engagement,AUC,Enjoyment (NormalizedCorrected),FAC Adaptive Ã— Enjoyment,Part 2,slope,Short,,Reference,,,0.00039850512109142205,,,,,,
FAC Adaptive Engagement,FAC Adaptive Engagement,AUC,Enjoyment (NormalizedCorrected),FAC Adaptive Ã— Enjoyment,Part 3,title-delta,Long vs Short,Abbott Elementary,,,,,,,,,,
FAC Adaptive Engagement,FAC Adaptive Engagement,AUC,Enjoyment (NormalizedCorrected),FAC Adaptive Ã— Enjoyment,Part 3,title-delta,Long vs Short,Mad Max,,,,,,,,,,
FAC Adaptive Engagement,FAC Adaptive Engagement,AUC,Enjoyment (NormalizedCorrected),FAC Adaptive Ã— Enjoyment,Part 3,title-delta,Long vs Short,The Town,,,,,,,,,,
FAC Adaptive Engagement,FAC Adaptive Engagement,AUC,Enjoyment (NormalizedCorrected),FAC Adaptive Ã— Enjoyment,Part 3,title-form,Long,Abbott Elementary,,30.0,0.11803776715796604,,,,,,0.5344511350899515,
FAC Adaptive Engagement,FAC Adaptive Engagement,AUC,Enjoyment (NormalizedCorrected),FAC Adaptive Ã— Enjoyment,Part 3,title-form,Long,Mad Max,,23.0,-0.2723081589968254,,,,,,0.20874096626127475,
FAC Adaptive Engagement,FAC Adaptive Engagement,AUC,Enjoyment (NormalizedCorrected),FAC Adaptive Ã— Enjoyment,Part 3,title-form,Long,The Town,,28.0,-0.20589101967500212,,,,,,0.29320544256684233,
FAC Adaptive Engagement,FAC Adaptive Engagement,AUC,Enjoyment (NormalizedCorrected),FAC Adaptive Ã— Enjoyment,Part 3,title-form,Short,Abbott Elementary,,30.0,0.2208314618444129,,,,,,0.24091800485532694,
FAC Adaptive Engagement,FAC Adaptive Engagement,AUC,Enjoyment (NormalizedCorrected),FAC Adaptive Ã— Enjoyment,Part 3,title-form,Short,Mad Max,,26.0,0.0927580494393182,,,,,,0.6522148044348903,
FAC Adaptive Engagement,FAC Adaptive Engagement,AUC,Enjoyment (NormalizedCorrected),FAC Adaptive Ã— Enjoyment,Part 3,title-form,Short,The Town,,26.0,-0.085066948468421,,,,,,0.6794779168460656,
FAC Contempt AUC,FAC Contempt AUC,AUC,Enjoyment (NormalizedCorrected),FAC Contempt Ã— Enjoyment,Part 1,overall,All,,,163.0,0.027716781091797645,,1.4194570552147239,0.5814864519427403,0.6805555555555556,0.4836255081300812,0.7254320404791617,
FAC Contempt AUC,FAC Contempt AUC,AUC,Enjoyment (NormalizedCorrected),FAC Contempt Ã— Enjoyment,Part 2,format-correlation,Long,,,81.0,0.03689609938030231,,0.9876913580246913,0.6805555555555556,,,0.7436565066054416,
FAC Contempt AUC,FAC Contempt AUC,AUC,Enjoyment (NormalizedCorrected),FAC Contempt Ã— Enjoyment,Part 2,format-correlation,Short,,,82.0,0.1414306075463063,,1.8459573170731705,0.4836255081300812,,,0.20500193371668918,
FAC Contempt AUC,FAC Contempt AUC,AUC,Enjoyment (NormalizedCorrected),FAC Contempt Ã— Enjoyment,Part 2,interaction,Long vs Short,,,,,,,,,,0.996078781082896,
FAC Contempt AUC,FAC Contempt AUC,AUC,Enjoyment (NormalizedCorrected),FAC Contempt Ã— Enjoyment,Part 2,slope,Long,,vs Short,,,0.004215637611048676,,,,,0.996078781082896,
FAC Contempt AUC,FAC Contempt AUC,AUC,Enjoyment (NormalizedCorrected),FAC Contempt Ã— Enjoyment,Part 2,slope,Short,,Reference,,,0.004274019234595088,,,,,,
FAC Contempt AUC,FAC Contempt AUC,AUC,Enjoyment (NormalizedCorrected),FAC Contempt Ã— Enjoyment,Part 3,title-delta,Long vs Short,Abbott Elementary,,,,,,,,,,
FAC Contempt AUC,FAC Contempt AUC,AUC,Enjoyment (NormalizedCorrected),FAC Contempt Ã— Enjoyment,Part 3,title-delta,Long vs Short,Mad Max,,,,,,,,,,
FAC Contempt AUC,FAC Contempt AUC,AUC,Enjoyment (NormalizedCorrected),FAC Contempt Ã— Enjoyment,Part 3,title-delta,Long vs Short,The Town,,,,,,,,,,
FAC Contempt AUC,FAC Contempt AUC,AUC,Enjoyment (NormalizedCorrected),FAC Contempt Ã— Enjoyment,Part 3,title-form,Long,Abbott Elementary,,30.0,0.13513921428711462,,,,,,0.4764569002548822,
FAC Contempt AUC,FAC Contempt AUC,AUC,Enjoyment (NormalizedCorrected),FAC Contempt Ã— Enjoyment,Part 3,title-form,Long,Mad Max,,23.0,0.07428213470546866,,,,,,0.7362345631206629,
FAC Contempt AUC,FAC Contempt AUC,AUC,Enjoyment (NormalizedCorrected),FAC Contempt Ã— Enjoyment,Part 3,title-form,Long,The Town,,28.0,-0.18339296958522674,,,,,,0.35023332339876967,
FAC Contempt AUC,FAC Contempt AUC,AUC,Enjoyment (NormalizedCorrected),FAC Contempt Ã— Enjoyment,Part 3,title-form,Short,Abbott Elementary,,30.0,-0.05318609926358826,,,,,,0.7801439481452794,
FAC Contempt AUC,FAC Contempt AUC,AUC,Enjoyment (NormalizedCorrected),FAC Contempt Ã— Enjoyment,Part 3,title-form,Short,Mad Max,,26.0,0.12678972361595225,,,,,,0.5370985120431163,
FAC Contempt AUC,FAC Contempt AUC,AUC,Enjoyment (NormalizedCorrected),FAC Contempt Ã— Enjoyment,Part 3,title-form,Short,The Town,,26.0,0.09586675984887223,,,,,,0.641315034548703,
FAC Contempt AUC,FAC Contempt AUC,AUC,Open-Ended Recall (Key-Moment),FAC Contempt Ã— Recall,Part 1,overall,All,,,161.0,0.0690490369356974,,1.4884472049689441,55.484472049689444,51.617283950617285,59.4,0.38411095366367254,
FAC Contempt AUC,FAC Contempt AUC,AUC,Open-Ended Recall (Key-Moment),FAC Contempt Ã— Recall,Part 2,format-correlation,Long,,,81.0,0.04783926372496065,,1.0925,51.617283950617285,,,0.6714897309658113,
FAC Contempt AUC,FAC Contempt AUC,AUC,Open-Ended Recall (Key-Moment),FAC Contempt Ã— Recall,Part 2,format-correlation,Short,,,80.0,0.06351095250849831,,1.8893437499999997,59.4,,,0.5756947681315334,
FAC Contempt AUC,FAC Contempt AUC,AUC,Open-Ended Recall (Key-Moment),FAC Contempt Ã— Recall,Part 2,interaction,Long vs Short,,,,,,,,,,0.8499675209903781,
FAC Contempt AUC,FAC Contempt AUC,AUC,Open-Ended Recall (Key-Moment),FAC Contempt Ã— Recall,Part 2,slope,Long,,vs Short,,,0.5431555050404586,,,,,0.8499675209903781,
FAC Contempt AUC,FAC Contempt AUC,AUC,Open-Ended Recall (Key-Moment),FAC Contempt Ã— Recall,Part 2,slope,Short,,Reference,,,0.2847159702383141,,,,,,
FAC Contempt AUC,FAC Contempt AUC,AUC,Open-Ended Recall (Key-Moment),FAC Contempt Ã— Recall,Part 3,title-delta,Long vs Short,Abbott Elementary,,,,,,,,,,
FAC Contempt AUC,FAC Contempt AUC,AUC,Open-Ended Recall (Key-Moment),FAC Contempt Ã— Recall,Part 3,title-delta,Long vs Short,Mad Max,,,,,,,,,,
FAC Contempt AUC,FAC Contempt AUC,AUC,Open-Ended Recall (Key-Moment),FAC Contempt Ã— Recall,Part 3,title-delta,Long vs Short,The Town,,,,,,,,,,
FAC Contempt AUC,FAC Contempt AUC,AUC,Open-Ended Recall (Key-Moment),FAC Contempt Ã— Recall,Part 3,title-form,Long,Abbott Elementary,,28.0,0.08258060062620966,,,,,,0.6761170155007961,
FAC Contempt AUC,FAC Contempt AUC,AUC,Open-Ended Recall (Key-Moment),FAC Contempt Ã— Recall,Part 3,title-form,Long,Mad Max,,24.0,-0.22096962538624118,,,,,,0.29944069683401875,
FAC Contempt AUC,FAC Contempt AUC,AUC,Open-Ended Recall (Key-Moment),FAC Contempt Ã— Recall,Part 3,title-form,Long,The Town,,29.0,0.07005069776915741,,,,,,0.7180358283798861,
FAC Contempt AUC,FAC Contempt AUC,AUC,Open-Ended Recall (Key-Moment),FAC Contempt Ã— Recall,Part 3,title-form,Short,Abbott Elementary,,29.0,0.06649090314477393,,,,,,0.7318288595716195,
FAC Contempt AUC,FAC Contempt AUC,AUC,Open-Ended Recall (Key-Moment),FAC Contempt Ã— Recall,Part 3,title-form,Short,Mad Max,,26.0,-0.022723164915849872,,,,,,0.9122655468611263,
FAC Contempt AUC,FAC Contempt AUC,AUC,Open-Ended Recall (Key-Moment),FAC Contempt Ã— Recall,Part 3,title-form,Short,The Town,,25.0,0.08286259258326659,,,,,,0.6937434242880447,
FAC Contempt AUC,FAC Contempt AUC,AUC,Screening Familiarity (C1),FAC Contempt Ã— Familiarity,Part 1,overall,All,,,164.0,0.03525495519061502,,1.4108018292682925,3.176829268292683,3.268292682926829,3.0853658536585367,0.6540306787368737,
FAC Contempt AUC,FAC Contempt AUC,AUC,Screening Familiarity (C1),FAC Contempt Ã— Familiarity,Part 2,format-correlation,Long,,,82.0,-0.04601002022268515,,0.9756463414634147,3.268292682926829,,,0.681468728825593,
FAC Contempt AUC,FAC Contempt AUC,AUC,Screening Familiarity (C1),FAC Contempt Ã— Familiarity,Part 2,format-correlation,Short,,,82.0,0.08069582965709032,,1.8459573170731705,3.0853658536585367,,,0.47110012905847104,
FAC Contempt AUC,FAC Contempt AUC,AUC,Screening Familiarity (C1),FAC Contempt Ã— Familiarity,Part 2,interaction,Long vs Short,,,,,,,,,,0.5223784379800966,
FAC Contempt AUC,FAC Contempt AUC,AUC,Screening Familiarity (C1),FAC Contempt Ã— Familiarity,Part 2,slope,Long,,vs Short,,,-0.060672235380488104,,,,,0.5223784379800966,
FAC Contempt AUC,FAC Contempt AUC,AUC,Screening Familiarity (C1),FAC Contempt Ã— Familiarity,Part 2,slope,Short,,Reference,,,0.03592416586183381,,,,,,
FAC Contempt AUC,FAC Contempt AUC,AUC,Screening Familiarity (C1),FAC Contempt Ã— Familiarity,Part 3,title-delta,Long vs Short,Abbott Elementary,,,,,,,,,,
FAC Contempt AUC,FAC Contempt AUC,AUC,Screening Familiarity (C1),FAC Contempt Ã— Familiarity,Part 3,title-delta,Long vs Short,Mad Max,,,,,,,,,,
FAC Contempt AUC,FAC Contempt AUC,AUC,Screening Familiarity (C1),FAC Contempt Ã— Familiarity,Part 3,title-delta,Long vs Short,The Town,,,,,,,,,,
FAC Contempt AUC,FAC Contempt AUC,AUC,Screening Familiarity (C1),FAC Contempt Ã— Familiarity,Part 3,title-form,Long,Abbott Elementary,,30.0,0.06617265468714299,,,,,,0.728273593957343,
FAC Contempt AUC,FAC Contempt AUC,AUC,Screening Familiarity (C1),FAC Contempt Ã— Familiarity,Part 3,title-form,Long,Mad Max,,24.0,-0.15000323065633853,,,,,,0.4841726365943949,
FAC Contempt AUC,FAC Contempt AUC,AUC,Screening Familiarity (C1),FAC Contempt Ã— Familiarity,Part 3,title-form,Long,The Town,,28.0,-0.25122831406000545,,,,,,0.1972014285580998,
FAC Contempt AUC,FAC Contempt AUC,AUC,Screening Familiarity (C1),FAC Contempt Ã— Familiarity,Part 3,title-form,Short,Abbott Elementary,,30.0,0.06729375204965327,,,,,,0.7238468312950228,
FAC Contempt AUC,FAC Contempt AUC,AUC,Screening Familiarity (C1),FAC Contempt Ã— Familiarity,Part 3,title-form,Short,Mad Max,,26.0,0.32658848735974766,,,,,,0.10344257087350958,
FAC Contempt AUC,FAC Contempt AUC,AUC,Screening Familiarity (C1),FAC Contempt Ã— Familiarity,Part 3,title-form,Short,The Town,,26.0,0.05680579558124539,,,,,,0.7828316514617576,
FAC Emotion Composite (AUC Sum),FAC Emotion Composite (AUC Sum),Composite,Enjoyment (NormalizedCorrected),FAC Emotion Ã— Enjoyment,Part 1,overall,All,,,163.0,-0.020853884488530698,,25.377935582822083,0.5814864519427403,0.6805555555555556,0.4836255081300812,0.7916070736129888,
FAC Emotion Composite (AUC Sum),FAC Emotion Composite (AUC Sum),Composite,Enjoyment (NormalizedCorrected),FAC Emotion Ã— Enjoyment,Part 2,format-correlation,Long,,,81.0,-0.16794217971016387,,31.303339506172836,0.6805555555555556,,,0.13396357731370523,
FAC Emotion Composite (AUC Sum),FAC Emotion Composite (AUC Sum),Composite,Enjoyment (NormalizedCorrected),FAC Emotion Ã— Enjoyment,Part 2,format-correlation,Short,,,82.0,0.060846452082964735,,19.52479268292683,0.4836255081300812,,,0.5871071584211964,
FAC Emotion Composite (AUC Sum),FAC Emotion Composite (AUC Sum),Composite,Enjoyment (NormalizedCorrected),FAC Emotion Ã— Enjoyment,Part 2,interaction,Long vs Short,,,,,,,,,,0.1827674232046608,
FAC Emotion Composite (AUC Sum),FAC Emotion Composite (AUC Sum),Composite,Enjoyment (NormalizedCorrected),FAC Emotion Ã— Enjoyment,Part 2,slope,Long,,vs Short,,,-0.000710444805106499,,,,,0.1827674232046608,
FAC Emotion Composite (AUC Sum),FAC Emotion Composite (AUC Sum),Composite,Enjoyment (NormalizedCorrected),FAC Emotion Ã— Enjoyment,Part 2,slope,Short,,Reference,,,0.0002798216493196102,,,,,,
FAC Emotion Composite (AUC Sum),FAC Emotion Composite (AUC Sum),Composite,Enjoyment (NormalizedCorrected),FAC Emotion Ã— Enjoyment,Part 3,title-delta,Long vs Short,Abbott Elementary,,,,,,,,,,
FAC Emotion Composite (AUC Sum),FAC Emotion Composite (AUC Sum),Composite,Enjoyment (NormalizedCorrected),FAC Emotion Ã— Enjoyment,Part 3,title-delta,Long vs Short,Mad Max,,,,,,,,,,
FAC Emotion Composite (AUC Sum),FAC Emotion Composite (AUC Sum),Composite,Enjoyment (NormalizedCorrected),FAC Emotion Ã— Enjoyment,Part 3,title-delta,Long vs Short,The Town,,,,,,,,,,
FAC Emotion Composite (AUC Sum),FAC Emotion Composite (AUC Sum),Composite,Enjoyment (NormalizedCorrected),FAC Emotion Ã— Enjoyment,Part 3,title-form,Long,Abbott Elementary,,30.0,0.15930801114635712,,,,,,0.4004158825328048,
FAC Emotion Composite (AUC Sum),FAC Emotion Composite (AUC Sum),Composite,Enjoyment (NormalizedCorrected),FAC Emotion Ã— Enjoyment,Part 3,title-form,Long,Mad Max,,23.0,-0.2964837709880148,,,,,,0.16953081131945064,
FAC Emotion Composite (AUC Sum),FAC Emotion Composite (AUC Sum),Composite,Enjoyment (NormalizedCorrected),FAC Emotion Ã— Enjoyment,Part 3,title-form,Long,The Town,,28.0,-0.37337420602191623,,,,,,0.05033937530637904,
FAC Emotion Composite (AUC Sum),FAC Emotion Composite (AUC Sum),Composite,Enjoyment (NormalizedCorrected),FAC Emotion Ã— Enjoyment,Part 3,title-form,Short,Abbott Elementary,,30.0,0.2022557591512848,,,,,,0.2837853000560448,
FAC Emotion Composite (AUC Sum),FAC Emotion Composite (AUC Sum),Composite,Enjoyment (NormalizedCorrected),FAC Emotion Ã— Enjoyment,Part 3,title-form,Short,Mad Max,,26.0,-0.06875292458764201,,,,,,0.7385862007246278,
FAC Emotion Composite (AUC Sum),FAC Emotion Composite (AUC Sum),Composite,Enjoyment (NormalizedCorrected),FAC Emotion Ã— Enjoyment,Part 3,title-form,Short,The Town,,26.0,-0.17356046815257992,,,,,,0.39647913284489034,
FAC Emotion Composite (AUC Sum),FAC Emotion Composite (AUC Sum),Composite,Open-Ended Recall (Key-Moment),FAC Emotion Ã— Recall,Part 1,overall,All,,,161.0,0.017341031183966907,,24.158931677018636,55.484472049689444,51.617283950617285,59.4,0.8271681284622487,
FAC Emotion Composite (AUC Sum),FAC Emotion Composite (AUC Sum),Composite,Open-Ended Recall (Key-Moment),FAC Emotion Ã— Recall,Part 2,format-correlation,Long,,,81.0,0.005328082714162546,,29.436956790123457,51.617283950617285,,,0.9623476529851591,
FAC Emotion Composite (AUC Sum),FAC Emotion Composite (AUC Sum),Composite,Open-Ended Recall (Key-Moment),FAC Emotion Ã— Recall,Part 2,format-correlation,Short,,,80.0,0.09080993137139866,,18.81493125,59.4,,,0.42307227165791056,
FAC Emotion Composite (AUC Sum),FAC Emotion Composite (AUC Sum),Composite,Open-Ended Recall (Key-Moment),FAC Emotion Ã— Recall,Part 2,interaction,Long vs Short,,,,,,,,,,0.5228836663568686,
FAC Emotion Composite (AUC Sum),FAC Emotion Composite (AUC Sum),Composite,Open-Ended Recall (Key-Moment),FAC Emotion Ã— Recall,Part 2,slope,Long,,vs Short,,,0.002515063185465967,,,,,0.5228836663568686,
FAC Emotion Composite (AUC Sum),FAC Emotion Composite (AUC Sum),Composite,Open-Ended Recall (Key-Moment),FAC Emotion Ã— Recall,Part 2,slope,Short,,Reference,,,0.0639665239671335,,,,,,
FAC Emotion Composite (AUC Sum),FAC Emotion Composite (AUC Sum),Composite,Open-Ended Recall (Key-Moment),FAC Emotion Ã— Recall,Part 3,title-delta,Long vs Short,Abbott Elementary,,,,,,,,,,
FAC Emotion Composite (AUC Sum),FAC Emotion Composite (AUC Sum),Composite,Open-Ended Recall (Key-Moment),FAC Emotion Ã— Recall,Part 3,title-delta,Long vs Short,Mad Max,,,,,,,,,,
FAC Emotion Composite (AUC Sum),FAC Emotion Composite (AUC Sum),Composite,Open-Ended Recall (Key-Moment),FAC Emotion Ã— Recall,Part 3,title-delta,Long vs Short,The Town,,,,,,,,,,
FAC Emotion Composite (AUC Sum),FAC Emotion Composite (AUC Sum),Composite,Open-Ended Recall (Key-Moment),FAC Emotion Ã— Recall,Part 3,title-form,Long,Abbott Elementary,,28.0,-0.003397582177840163,,,,,,0.9863100528454769,
FAC Emotion Composite (AUC Sum),FAC Emotion Composite (AUC Sum),Composite,Open-Ended Recall (Key-Moment),FAC Emotion Ã— Recall,Part 3,title-form,Long,Mad Max,,24.0,-0.263019453826837,,,,,,0.214330204585169,
FAC Emotion Composite (AUC Sum),FAC Emotion Composite (AUC Sum),Composite,Open-Ended Recall (Key-Moment),FAC Emotion Ã— Recall,Part 3,title-form,Long,The Town,,29.0,0.23888483260237223,,,,,,0.21202682516366286,
FAC Emotion Composite (AUC Sum),FAC Emotion Composite (AUC Sum),Composite,Open-Ended Recall (Key-Moment),FAC Emotion Ã— Recall,Part 3,title-form,Short,Abbott Elementary,,29.0,0.30680668754954293,,,,,,0.10548063759398782,
FAC Emotion Composite (AUC Sum),FAC Emotion Composite (AUC Sum),Composite,Open-Ended Recall (Key-Moment),FAC Emotion Ã— Recall,Part 3,title-form,Short,Mad Max,,26.0,-0.2204449090501589,,,,,,0.2791846729350075,
FAC Emotion Composite (AUC Sum),FAC Emotion Composite (AUC Sum),Composite,Open-Ended Recall (Key-Moment),FAC Emotion Ã— Recall,Part 3,title-form,Short,The Town,,25.0,-0.024378371296240722,,,,,,0.907915446357651,
FAC Emotion Composite (AUC Sum),FAC Emotion Composite (AUC Sum),Composite,Screening Familiarity (C1),FAC Emotion Ã— Familiarity,Part 1,overall,All,,,164.0,0.059271273190639434,,25.223192073170733,3.176829268292683,3.268292682926829,3.0853658536585367,0.450909268640629,
FAC Emotion Composite (AUC Sum),FAC Emotion Composite (AUC Sum),Composite,Screening Familiarity (C1),FAC Emotion Ã— Familiarity,Part 2,format-correlation,Long,,,82.0,0.017405259217303504,,30.921591463414632,3.268292682926829,,,0.8766609528944952,
FAC Emotion Composite (AUC Sum),FAC Emotion Composite (AUC Sum),Composite,Screening Familiarity (C1),FAC Emotion Ã— Familiarity,Part 2,format-correlation,Short,,,82.0,0.1179357369574434,,19.52479268292683,3.0853658536585367,,,0.2913126960003784,
FAC Emotion Composite (AUC Sum),FAC Emotion Composite (AUC Sum),Composite,Screening Familiarity (C1),FAC Emotion Ã— Familiarity,Part 2,interaction,Long vs Short,,,,,,,,,,0.4512010292298445,
FAC Emotion Composite (AUC Sum),FAC Emotion Composite (AUC Sum),Composite,Screening Familiarity (C1),FAC Emotion Ã— Familiarity,Part 2,slope,Long,,vs Short,,,0.0008492591167368752,,,,,0.4512010292298445,
FAC Emotion Composite (AUC Sum),FAC Emotion Composite (AUC Sum),Composite,Screening Familiarity (C1),FAC Emotion Ã— Familiarity,Part 2,slope,Short,,Reference,,,0.007989765149476512,,,,,,
FAC Emotion Composite (AUC Sum),FAC Emotion Composite (AUC Sum),Composite,Screening Familiarity (C1),FAC Emotion Ã— Familiarity,Part 3,title-delta,Long vs Short,Abbott Elementary,,,,,,,,,,
FAC Emotion Composite (AUC Sum),FAC Emotion Composite (AUC Sum),Composite,Screening Familiarity (C1),FAC Emotion Ã— Familiarity,Part 3,title-delta,Long vs Short,Mad Max,,,,,,,,,,
FAC Emotion Composite (AUC Sum),FAC Emotion Composite (AUC Sum),Composite,Screening Familiarity (C1),FAC Emotion Ã— Familiarity,Part 3,title-delta,Long vs Short,The Town,,,,,,,,,,
FAC Emotion Composite (AUC Sum),FAC Emotion Composite (AUC Sum),Composite,Screening Familiarity (C1),FAC Emotion Ã— Familiarity,Part 3,title-form,Long,Abbott Elementary,,30.0,0.1854113916367906,,,,,,0.32662817949561074,
FAC Emotion Composite (AUC Sum),FAC Emotion Composite (AUC Sum),Composite,Screening Familiarity (C1),FAC Emotion Ã— Familiarity,Part 3,title-form,Long,Mad Max,,24.0,0.028475848198629326,,,,,,0.8949195981069487,
FAC Emotion Composite (AUC Sum),FAC Emotion Composite (AUC Sum),Composite,Screening Familiarity (C1),FAC Emotion Ã— Familiarity,Part 3,title-form,Long,The Town,,28.0,-0.17106474564984597,,,,,,0.3841030931428253,
FAC Emotion Composite (AUC Sum),FAC Emotion Composite (AUC Sum),Composite,Screening Familiarity (C1),FAC Emotion Ã— Familiarity,Part 3,title-form,Short,Abbott Elementary,,30.0,0.1680312279814941,,,,,,0.374770755502564,
FAC Emotion Composite (AUC Sum),FAC Emotion Composite (AUC Sum),Composite,Screening Familiarity (C1),FAC Emotion Ã— Familiarity,Part 3,title-form,Short,Mad Max,,26.0,0.20008851155231216,,,,,,0.3270683978495403,
FAC Emotion Composite (AUC Sum),FAC Emotion Composite (AUC Sum),Composite,Screening Familiarity (C1),FAC Emotion Ã— Familiarity,Part 3,title-form,Short,The Town,,26.0,0.1444685781280787,,,,,,0.4813541372379165,
FAC Joy AUC,FAC Joy AUC,AUC,Enjoyment (NormalizedCorrected),FAC Joy Ã— Enjoyment,Part 1,overall,All,,,163.0,0.13122796662570332,,9.138993865030674,0.5814864519427403,0.6805555555555556,0.4836255081300812,0.094970528293483,
FAC Joy AUC,FAC Joy AUC,AUC,Enjoyment (NormalizedCorrected),FAC Joy Ã— Enjoyment,Part 2,format-correlation,Long,,,81.0,0.08041294639030756,,10.714672839506173,0.6805555555555556,,,0.47545923478608476,
FAC Joy AUC,FAC Joy AUC,AUC,Enjoyment (NormalizedCorrected),FAC Joy Ã— Enjoyment,Part 2,format-correlation,Short,,,82.0,0.14909239774594846,,7.582530487804878,0.4836255081300812,,,0.18127228317996136,
FAC Joy AUC,FAC Joy AUC,AUC,Enjoyment (NormalizedCorrected),FAC Joy Ã— Enjoyment,Part 2,interaction,Long vs Short,,,,,,,,,,0.8303803731376965,
FAC Joy AUC,FAC Joy AUC,AUC,Enjoyment (NormalizedCorrected),FAC Joy Ã— Enjoyment,Part 2,slope,Long,,vs Short,,,0.0008656381594195047,,,,,0.8303803731376965,
FAC Joy AUC,FAC Joy AUC,AUC,Enjoyment (NormalizedCorrected),FAC Joy Ã— Enjoyment,Part 2,slope,Short,,Reference,,,0.0011870550979361755,,,,,,
FAC Joy AUC,FAC Joy AUC,AUC,Enjoyment (NormalizedCorrected),FAC Joy Ã— Enjoyment,Part 3,title-delta,Long vs Short,Abbott Elementary,,,,,,,,,,
FAC Joy AUC,FAC Joy AUC,AUC,Enjoyment (NormalizedCorrected),FAC Joy Ã— Enjoyment,Part 3,title-delta,Long vs Short,Mad Max,,,,,,,,,,
FAC Joy AUC,FAC Joy AUC,AUC,Enjoyment (NormalizedCorrected),FAC Joy Ã— Enjoyment,Part 3,title-delta,Long vs Short,The Town,,,,,,,,,,
FAC Joy AUC,FAC Joy AUC,AUC,Enjoyment (NormalizedCorrected),FAC Joy Ã— Enjoyment,Part 3,title-form,Long,Abbott Elementary,,30.0,0.17981908944521074,,,,,,0.3416852463583291,
FAC Joy AUC,FAC Joy AUC,AUC,Enjoyment (NormalizedCorrected),FAC Joy Ã— Enjoyment,Part 3,title-form,Long,Mad Max,,23.0,0.2795570254468957,,,,,,0.19639789140555736,
FAC Joy AUC,FAC Joy AUC,AUC,Enjoyment (NormalizedCorrected),FAC Joy Ã— Enjoyment,Part 3,title-form,Long,The Town,,28.0,-0.24571773335133812,,,,,,0.2075371396021749,
FAC Joy AUC,FAC Joy AUC,AUC,Enjoyment (NormalizedCorrected),FAC Joy Ã— Enjoyment,Part 3,title-form,Short,Abbott Elementary,,30.0,0.2502393526904718,,,,,,0.1822980305618191,
FAC Joy AUC,FAC Joy AUC,AUC,Enjoyment (NormalizedCorrected),FAC Joy Ã— Enjoyment,Part 3,title-form,Short,Mad Max,,26.0,0.20116725252166565,,,,,,0.3244127418920686,
FAC Joy AUC,FAC Joy AUC,AUC,Enjoyment (NormalizedCorrected),FAC Joy Ã— Enjoyment,Part 3,title-form,Short,The Town,,26.0,0.10568131792704372,,,,,,0.6073837569111855,
FAC Joy AUC,FAC Joy AUC,AUC,Open-Ended Recall (Key-Moment),FAC Joy Ã— Recall,Part 1,overall,All,,,161.0,0.09080063170909942,,8.80492857142857,55.484472049689444,51.617283950617285,59.4,0.2519931236531208,
FAC Joy AUC,FAC Joy AUC,AUC,Open-Ended Recall (Key-Moment),FAC Joy Ã— Recall,Part 2,format-correlation,Long,,,81.0,0.09598320121407579,,9.922962962962963,51.617283950617285,,,0.3939962430151343,
FAC Joy AUC,FAC Joy AUC,AUC,Open-Ended Recall (Key-Moment),FAC Joy Ã— Recall,Part 2,format-correlation,Short,,,80.0,0.10713691173510961,,7.672918750000001,59.4,,,0.3441964161595413,
FAC Joy AUC,FAC Joy AUC,AUC,Open-Ended Recall (Key-Moment),FAC Joy Ã— Recall,Part 2,interaction,Long vs Short,,,,,,,,,,0.9663297478168889,
FAC Joy AUC,FAC Joy AUC,AUC,Open-Ended Recall (Key-Moment),FAC Joy Ã— Recall,Part 2,slope,Long,,vs Short,,,0.11836432216870348,,,,,0.9663297478168889,
FAC Joy AUC,FAC Joy AUC,AUC,Open-Ended Recall (Key-Moment),FAC Joy Ã— Recall,Part 2,slope,Short,,Reference,,,0.12646630009385296,,,,,,
FAC Joy AUC,FAC Joy AUC,AUC,Open-Ended Recall (Key-Moment),FAC Joy Ã— Recall,Part 3,title-delta,Long vs Short,Abbott Elementary,,,,,,,,,,
FAC Joy AUC,FAC Joy AUC,AUC,Open-Ended Recall (Key-Moment),FAC Joy Ã— Recall,Part 3,title-delta,Long vs Short,Mad Max,,,,,,,,,,
FAC Joy AUC,FAC Joy AUC,AUC,Open-Ended Recall (Key-Moment),FAC Joy Ã— Recall,Part 3,title-delta,Long vs Short,The Town,,,,,,,,,,
FAC Joy AUC,FAC Joy AUC,AUC,Open-Ended Recall (Key-Moment),FAC Joy Ã— Recall,Part 3,title-form,Long,Abbott Elementary,,28.0,-0.04820460099456005,,,,,,0.8075508978396524,
FAC Joy AUC,FAC Joy AUC,AUC,Open-Ended Recall (Key-Moment),FAC Joy Ã— Recall,Part 3,title-form,Long,Mad Max,,24.0,-0.3365407472868379,,,,,,0.10783505881401176,
FAC Joy AUC,FAC Joy AUC,AUC,Open-Ended Recall (Key-Moment),FAC Joy Ã— Recall,Part 3,title-form,Long,The Town,,29.0,0.1804301858142922,,,,,,0.34895168819088623,
FAC Joy AUC,FAC Joy AUC,AUC,Open-Ended Recall (Key-Moment),FAC Joy Ã— Recall,Part 3,title-form,Short,Abbott Elementary,,29.0,0.35590510257498076,,,,,,0.058108589567424304,
FAC Joy AUC,FAC Joy AUC,AUC,Open-Ended Recall (Key-Moment),FAC Joy Ã— Recall,Part 3,title-form,Short,Mad Max,,26.0,-0.03950675473409319,,,,,,0.8480455027962568,
FAC Joy AUC,FAC Joy AUC,AUC,Open-Ended Recall (Key-Moment),FAC Joy Ã— Recall,Part 3,title-form,Short,The Town,,25.0,-0.16116625940188317,,,,,,0.4415207954166475,
FAC Joy AUC,FAC Joy AUC,AUC,Screening Familiarity (C1),FAC Joy Ã— Familiarity,Part 1,overall,All,,,164.0,0.1925766073261369,,9.083268292682927,3.176829268292683,3.268292682926829,3.0853658536585367,0.013492803308700322,*
FAC Joy AUC,FAC Joy AUC,AUC,Screening Familiarity (C1),FAC Joy Ã— Familiarity,Part 2,format-correlation,Long,,,82.0,0.21188403627406804,,10.584006097560975,3.268292682926829,,,0.05600528844924239,
FAC Joy AUC,FAC Joy AUC,AUC,Screening Familiarity (C1),FAC Joy Ã— Familiarity,Part 2,format-correlation,Short,,,82.0,0.16670454268245638,,7.582530487804878,3.0853658536585367,,,0.13442058161653742,
FAC Joy AUC,FAC Joy AUC,AUC,Screening Familiarity (C1),FAC Joy Ã— Familiarity,Part 2,interaction,Long vs Short,,,,,,,,,,0.7187080790524798,
FAC Joy AUC,FAC Joy AUC,AUC,Screening Familiarity (C1),FAC Joy Ã— Familiarity,Part 2,slope,Long,,vs Short,,,0.02632279095885378,,,,,0.7187080790524798,
FAC Joy AUC,FAC Joy AUC,AUC,Screening Familiarity (C1),FAC Joy Ã— Familiarity,Part 2,slope,Short,,Reference,,,0.019552637523631615,,,,,,
FAC Joy AUC,FAC Joy AUC,AUC,Screening Familiarity (C1),FAC Joy Ã— Familiarity,Part 3,title-delta,Long vs Short,Abbott Elementary,,,,,,,,,,
FAC Joy AUC,FAC Joy AUC,AUC,Screening Familiarity (C1),FAC Joy Ã— Familiarity,Part 3,title-delta,Long vs Short,Mad Max,,,,,,,,,,
FAC Joy AUC,FAC Joy AUC,AUC,Screening Familiarity (C1),FAC Joy Ã— Familiarity,Part 3,title-delta,Long vs Short,The Town,,,,,,,,,,
FAC Joy AUC,FAC Joy AUC,AUC,Screening Familiarity (C1),FAC Joy Ã— Familiarity,Part 3,title-form,Long,Abbott Elementary,,30.0,0.27736190349952583,,,,,,0.13783181111305454,
FAC Joy AUC,FAC Joy AUC,AUC,Screening Familiarity (C1),FAC Joy Ã— Familiarity,Part 3,title-form,Long,Mad Max,,24.0,-0.05260661326337656,,,,,,0.807130553161197,
FAC Joy AUC,FAC Joy AUC,AUC,Screening Familiarity (C1),FAC Joy Ã— Familiarity,Part 3,title-form,Long,The Town,,28.0,-0.06619794479703284,,,,,,0.7378637253787583,
FAC Joy AUC,FAC Joy AUC,AUC,Screening Familiarity (C1),FAC Joy Ã— Familiarity,Part 3,title-form,Short,Abbott Elementary,,30.0,0.396437159519215,,,,,,0.030093010424167888,*
FAC Joy AUC,FAC Joy AUC,AUC,Screening Familiarity (C1),FAC Joy Ã— Familiarity,Part 3,title-form,Short,Mad Max,,26.0,0.2813357723497173,,,,,,0.1638334107149158,
FAC Joy AUC,FAC Joy AUC,AUC,Screening Familiarity (C1),FAC Joy Ã— Familiarity,Part 3,title-form,Short,The Town,,26.0,-0.04094760517060428,,,,,,0.8425702487525889,
FAC Surprise AUC,FAC Surprise AUC,AUC,Enjoyment (NormalizedCorrected),FAC Surprise Ã— Enjoyment,Part 1,overall,All,,,163.0,-0.11310897219174554,,2.867076687116564,0.5814864519427403,0.6805555555555556,0.4836255081300812,0.1505524644063889,
FAC Surprise AUC,FAC Surprise AUC,AUC,Enjoyment (NormalizedCorrected),FAC Surprise Ã— Enjoyment,Part 2,format-correlation,Long,,,81.0,-0.2255633648946485,,3.90941975308642,0.6805555555555556,,,0.04289911450569152,*
FAC Surprise AUC,FAC Surprise AUC,AUC,Enjoyment (NormalizedCorrected),FAC Surprise Ã— Enjoyment,Part 2,format-correlation,Short,,,82.0,-0.007820055074028864,,1.8374451219512196,0.4836255081300812,,,0.9444105247595656,
FAC Surprise AUC,FAC Surprise AUC,AUC,Enjoyment (NormalizedCorrected),FAC Surprise Ã— Enjoyment,Part 2,interaction,Long vs Short,,,,,,,,,,0.33651851842266434,
FAC Surprise AUC,FAC Surprise AUC,AUC,Enjoyment (NormalizedCorrected),FAC Surprise Ã— Enjoyment,Part 2,slope,Long,,vs Short,,,-0.0027920460962453488,,,,,0.33651851842266434,
FAC Surprise AUC,FAC Surprise AUC,AUC,Enjoyment (NormalizedCorrected),FAC Surprise Ã— Enjoyment,Part 2,slope,Short,,Reference,,,-0.0001454011549084765,,,,,,
FAC Surprise AUC,FAC Surprise AUC,AUC,Enjoyment (NormalizedCorrected),FAC Surprise Ã— Enjoyment,Part 3,title-delta,Long vs Short,Abbott Elementary,,,,,,,,,,
FAC Surprise AUC,FAC Surprise AUC,AUC,Enjoyment (NormalizedCorrected),FAC Surprise Ã— Enjoyment,Part 3,title-delta,Long vs Short,Mad Max,,,,,,,,,,
FAC Surprise AUC,FAC Surprise AUC,AUC,Enjoyment (NormalizedCorrected),FAC Surprise Ã— Enjoyment,Part 3,title-delta,Long vs Short,The Town,,,,,,,,,,
FAC Surprise AUC,FAC Surprise AUC,AUC,Enjoyment (NormalizedCorrected),FAC Surprise Ã— Enjoyment,Part 3,title-form,Long,Abbott Elementary,,30.0,-0.18134153060630687,,,,,,0.33754517641833187,
FAC Surprise AUC,FAC Surprise AUC,AUC,Enjoyment (NormalizedCorrected),FAC Surprise Ã— Enjoyment,Part 3,title-form,Long,Mad Max,,23.0,-0.2570211397083637,,,,,,0.23644904083953275,
FAC Surprise AUC,FAC Surprise AUC,AUC,Enjoyment (NormalizedCorrected),FAC Surprise Ã— Enjoyment,Part 3,title-form,Long,The Town,,28.0,-0.09331176877406219,,,,,,0.6367265029342634,
FAC Surprise AUC,FAC Surprise AUC,AUC,Enjoyment (NormalizedCorrected),FAC Surprise Ã— Enjoyment,Part 3,title-form,Short,Abbott Elementary,,30.0,0.05880440682926162,,,,,,0.7575753864787522,
FAC Surprise AUC,FAC Surprise AUC,AUC,Enjoyment (NormalizedCorrected),FAC Surprise Ã— Enjoyment,Part 3,title-form,Short,Mad Max,,26.0,-0.04618514296844156,,,,,,0.8227292386488216,
FAC Surprise AUC,FAC Surprise AUC,AUC,Enjoyment (NormalizedCorrected),FAC Surprise Ã— Enjoyment,Part 3,title-form,Short,The Town,,26.0,-0.1895813027667312,,,,,,0.35362191535928345,
FAC Surprise AUC,FAC Surprise AUC,AUC,Open-Ended Recall (Key-Moment),FAC Surprise Ã— Recall,Part 1,overall,All,,,161.0,-0.08619305726381711,,2.9024906832298134,55.484472049689444,51.617283950617285,59.4,0.2769615836170894,
FAC Surprise AUC,FAC Surprise AUC,AUC,Open-Ended Recall (Key-Moment),FAC Surprise Ã— Recall,Part 2,format-correlation,Long,,,81.0,-0.16944631730278664,,3.9090185185185184,51.617283950617285,,,0.13046456166597906,
FAC Surprise AUC,FAC Surprise AUC,AUC,Open-Ended Recall (Key-Moment),FAC Surprise Ã— Recall,Part 2,format-correlation,Short,,,80.0,0.11095660818034146,,1.8833812499999998,59.4,,,0.327166862021052,
FAC Surprise AUC,FAC Surprise AUC,AUC,Open-Ended Recall (Key-Moment),FAC Surprise Ã— Recall,Part 2,interaction,Long vs Short,,,,,,,,,,0.12313800910365479,
FAC Surprise AUC,FAC Surprise AUC,AUC,Open-Ended Recall (Key-Moment),FAC Surprise Ã— Recall,Part 2,slope,Long,,vs Short,,,-0.23010535191188675,,,,,0.12313800910365479,
FAC Surprise AUC,FAC Surprise AUC,AUC,Open-Ended Recall (Key-Moment),FAC Surprise Ã— Recall,Part 2,slope,Short,,Reference,,,0.30579428536410835,,,,,,
FAC Surprise AUC,FAC Surprise AUC,AUC,Open-Ended Recall (Key-Moment),FAC Surprise Ã— Recall,Part 3,title-delta,Long vs Short,Abbott Elementary,,,,,,,,,,
FAC Surprise AUC,FAC Surprise AUC,AUC,Open-Ended Recall (Key-Moment),FAC Surprise Ã— Recall,Part 3,title-delta,Long vs Short,Mad Max,,,,,,,,,,
FAC Surprise AUC,FAC Surprise AUC,AUC,Open-Ended Recall (Key-Moment),FAC Surprise Ã— Recall,Part 3,title-delta,Long vs Short,The Town,,,,,,,,,,
FAC Surprise AUC,FAC Surprise AUC,AUC,Open-Ended Recall (Key-Moment),FAC Surprise Ã— Recall,Part 3,title-form,Long,Abbott Elementary,,28.0,-0.05427723236350906,,,,,,0.78384196082104,
FAC Surprise AUC,FAC Surprise AUC,AUC,Open-Ended Recall (Key-Moment),FAC Surprise Ã— Recall,Part 3,title-form,Long,Mad Max,,24.0,-0.1883067829858486,,,,,,0.37821770154293666,
FAC Surprise AUC,FAC Surprise AUC,AUC,Open-Ended Recall (Key-Moment),FAC Surprise Ã— Recall,Part 3,title-form,Long,The Town,,29.0,0.18103072978682974,,,,,,0.3473228944614716,
FAC Surprise AUC,FAC Surprise AUC,AUC,Open-Ended Recall (Key-Moment),FAC Surprise Ã— Recall,Part 3,title-form,Short,Abbott Elementary,,29.0,0.07901505569871602,,,,,,0.6836920767584979,
FAC Surprise AUC,FAC Surprise AUC,AUC,Open-Ended Recall (Key-Moment),FAC Surprise Ã— Recall,Part 3,title-form,Short,Mad Max,,26.0,0.1180246672876333,,,,,,0.5658152199777043,
FAC Surprise AUC,FAC Surprise AUC,AUC,Open-Ended Recall (Key-Moment),FAC Surprise Ã— Recall,Part 3,title-form,Short,The Town,,25.0,0.22446918905895005,,,,,,0.2807096139902903,
FAC Surprise AUC,FAC Surprise AUC,AUC,Screening Familiarity (C1),FAC Surprise Ã— Familiarity,Part 1,overall,All,,,164.0,0.010204107331368948,,2.8495945121951216,3.176829268292683,3.268292682926829,3.0853658536585367,0.8968194573948325,
FAC Surprise AUC,FAC Surprise AUC,AUC,Screening Familiarity (C1),FAC Surprise Ã— Familiarity,Part 2,format-correlation,Long,,,82.0,0.01154019370739852,,3.8617439024390245,3.268292682926829,,,0.9180423268152242,
FAC Surprise AUC,FAC Surprise AUC,AUC,Screening Familiarity (C1),FAC Surprise Ã— Familiarity,Part 2,format-correlation,Short,,,82.0,-0.000664214288501047,,1.8374451219512196,3.0853658536585367,,,0.9952746536833093,
FAC Surprise AUC,FAC Surprise AUC,AUC,Screening Familiarity (C1),FAC Surprise Ã— Familiarity,Part 2,interaction,Long vs Short,,,,,,,,,,0.9588431857866085,
FAC Surprise AUC,FAC Surprise AUC,AUC,Screening Familiarity (C1),FAC Surprise Ã— Familiarity,Part 2,slope,Long,,vs Short,,,0.001650813591251896,,,,,0.9588431857866085,
FAC Surprise AUC,FAC Surprise AUC,AUC,Screening Familiarity (C1),FAC Surprise Ã— Familiarity,Part 2,slope,Short,,Reference,,,-0.00018193187473097703,,,,,,
FAC Surprise AUC,FAC Surprise AUC,AUC,Screening Familiarity (C1),FAC Surprise Ã— Familiarity,Part 3,title-delta,Long vs Short,Abbott Elementary,,,,,,,,,,
FAC Surprise AUC,FAC Surprise AUC,AUC,Screening Familiarity (C1),FAC Surprise Ã— Familiarity,Part 3,title-delta,Long vs Short,Mad Max,,,,,,,,,,
FAC Surprise AUC,FAC Surprise AUC,AUC,Screening Familiarity (C1),FAC Surprise Ã— Familiarity,Part 3,title-delta,Long vs Short,The Town,,,,,,,,,,
FAC Surprise AUC,FAC Surprise AUC,AUC,Screening Familiarity (C1),FAC Surprise Ã— Familiarity,Part 3,title-form,Long,Abbott Elementary,,30.0,-0.30413545353334737,,,,,,0.10225725226969795,
FAC Surprise AUC,FAC Surprise AUC,AUC,Screening Familiarity (C1),FAC Surprise Ã— Familiarity,Part 3,title-form,Long,Mad Max,,24.0,0.09067507429187407,,,,,,0.6734839224230305,
FAC Surprise AUC,FAC Surprise AUC,AUC,Screening Familiarity (C1),FAC Surprise Ã— Familiarity,Part 3,title-form,Long,The Town,,28.0,0.06901545639036509,,,,,,0.727117902711945,
FAC Surprise AUC,FAC Surprise AUC,AUC,Screening Familiarity (C1),FAC Surprise Ã— Familiarity,Part 3,title-form,Short,Abbott Elementary,,30.0,-0.07937966142348352,,,,,,0.6767041014992652,
FAC Surprise AUC,FAC Surprise AUC,AUC,Screening Familiarity (C1),FAC Surprise Ã— Familiarity,Part 3,title-form,Short,Mad Max,,26.0,-0.12667538553006585,,,,,,0.5374686496763688,
FAC Surprise AUC,FAC Surprise AUC,AUC,Screening Familiarity (C1),FAC Surprise Ã— Familiarity,Part 3,title-form,Short,The Town,,26.0,0.263176522730144,,,,,,0.19394892642612438,
GSR Peaks Per Minute,GSR Peaks Per Minute,PERMINUTE,Enjoyment (NormalizedCorrected),GSR Peaks Ã— Enjoyment,Part 1,overall,All,,,117.0,-0.04288543586438111,,598.7741970420514,0.5852297008547008,0.681497175141243,0.4873024425287356,0.6461567908176546,
GSR Peaks Per Minute,GSR Peaks Per Minute,PERMINUTE,Enjoyment (NormalizedCorrected),GSR Peaks Ã— Enjoyment,Part 2,format-correlation,Long,,,59.0,-0.18890821997810242,,659.5990996616948,0.681497175141243,,,0.15187982916431608,
GSR Peaks Per Minute,GSR Peaks Per Minute,PERMINUTE,Enjoyment (NormalizedCorrected),GSR Peaks Ã— Enjoyment,Part 2,format-correlation,Short,,,58.0,-0.060347324444132336,,536.9005892048276,0.4873024425287356,,,0.6527123775637864,
GSR Peaks Per Minute,GSR Peaks Per Minute,PERMINUTE,Enjoyment (NormalizedCorrected),GSR Peaks Ã— Enjoyment,Part 2,interaction,Long vs Short,,,,,,,,,,0.39773079236546116,
GSR Peaks Per Minute,GSR Peaks Per Minute,PERMINUTE,Enjoyment (NormalizedCorrected),GSR Peaks Ã— Enjoyment,Part 2,slope,Long,,vs Short,,,-9.893089765026876e-05,,,,,0.39773079236546116,
GSR Peaks Per Minute,GSR Peaks Per Minute,PERMINUTE,Enjoyment (NormalizedCorrected),GSR Peaks Ã— Enjoyment,Part 2,slope,Short,,Reference,,,-2.429986647101145e-05,,,,,,
GSR Peaks Per Minute,GSR Peaks Per Minute,PERMINUTE,Enjoyment (NormalizedCorrected),GSR Peaks Ã— Enjoyment,Part 3,title-delta,Long vs Short,Abbott Elementary,,,,,,,,,,
GSR Peaks Per Minute,GSR Peaks Per Minute,PERMINUTE,Enjoyment (NormalizedCorrected),GSR Peaks Ã— Enjoyment,Part 3,title-delta,Long vs Short,Mad Max,,,,,,,,,,
GSR Peaks Per Minute,GSR Peaks Per Minute,PERMINUTE,Enjoyment (NormalizedCorrected),GSR Peaks Ã— Enjoyment,Part 3,title-delta,Long vs Short,The Town,,,,,,,,,,
GSR Peaks Per Minute,GSR Peaks Per Minute,PERMINUTE,Enjoyment (NormalizedCorrected),GSR Peaks Ã— Enjoyment,Part 3,title-form,Long,Abbott Elementary,,18.0,0.22618761970584111,,,,,,0.3667829029771966,
GSR Peaks Per Minute,GSR Peaks Per Minute,PERMINUTE,Enjoyment (NormalizedCorrected),GSR Peaks Ã— Enjoyment,Part 3,title-form,Long,Mad Max,,17.0,0.03626392512034806,,,,,,0.8901016758953362,
GSR Peaks Per Minute,GSR Peaks Per Minute,PERMINUTE,Enjoyment (NormalizedCorrected),GSR Peaks Ã— Enjoyment,Part 3,title-form,Long,The Town,,24.0,-0.2580338745035977,,,,,,0.22346464856079218,
GSR Peaks Per Minute,GSR Peaks Per Minute,PERMINUTE,Enjoyment (NormalizedCorrected),GSR Peaks Ã— Enjoyment,Part 3,title-form,Short,Abbott Elementary,,20.0,0.002443715135758029,,,,,,0.9918418591250737,
GSR Peaks Per Minute,GSR Peaks Per Minute,PERMINUTE,Enjoyment (NormalizedCorrected),GSR Peaks Ã— Enjoyment,Part 3,title-form,Short,Mad Max,,19.0,-0.4229276702391029,,,,,,0.07121556627348498,
GSR Peaks Per Minute,GSR Peaks Per Minute,PERMINUTE,Enjoyment (NormalizedCorrected),GSR Peaks Ã— Enjoyment,Part 3,title-form,Short,The Town,,19.0,0.09549848242469938,,,,,,0.6973508136607096,
GSR Peaks Per Minute,GSR Peaks Per Minute,PERMINUTE,Open-Ended Recall (Key-Moment),GSR Peaks Ã— Recall,Part 1,overall,All,,,117.0,-0.1018146056432702,,608.4177640471795,56.38461538461539,51.15,61.89473684210526,0.27469664537116134,
GSR Peaks Per Minute,GSR Peaks Per Minute,PERMINUTE,Open-Ended Recall (Key-Moment),GSR Peaks Ã— Recall,Part 2,format-correlation,Long,,,60.0,-0.1998641235690562,,677.5420605239999,51.15,,,0.12575265820836715,
GSR Peaks Per Minute,GSR Peaks Per Minute,PERMINUTE,Open-Ended Recall (Key-Moment),GSR Peaks Ã— Recall,Part 2,format-correlation,Short,,,57.0,0.09455006765273789,,535.6553467031579,61.89473684210526,,,0.4841819994648695,
GSR Peaks Per Minute,GSR Peaks Per Minute,PERMINUTE,Open-Ended Recall (Key-Moment),GSR Peaks Ã— Recall,Part 2,interaction,Long vs Short,,,,,,,,,,0.12108659446443297,
GSR Peaks Per Minute,GSR Peaks Per Minute,PERMINUTE,Open-Ended Recall (Key-Moment),GSR Peaks Ã— Recall,Part 2,slope,Long,,vs Short,,,-0.011928589741070856,,,,,0.12108659446443297,
GSR Peaks Per Minute,GSR Peaks Per Minute,PERMINUTE,Open-Ended Recall (Key-Moment),GSR Peaks Ã— Recall,Part 2,slope,Short,,Reference,,,0.0060045968215764346,,,,,,
GSR Peaks Per Minute,GSR Peaks Per Minute,PERMINUTE,Open-Ended Recall (Key-Moment),GSR Peaks Ã— Recall,Part 3,title-delta,Long vs Short,Abbott Elementary,,,,,,,,,,
GSR Peaks Per Minute,GSR Peaks Per Minute,PERMINUTE,Open-Ended Recall (Key-Moment),GSR Peaks Ã— Recall,Part 3,title-delta,Long vs Short,Mad Max,,,,,,,,,,
GSR Peaks Per Minute,GSR Peaks Per Minute,PERMINUTE,Open-Ended Recall (Key-Moment),GSR Peaks Ã— Recall,Part 3,title-delta,Long vs Short,The Town,,,,,,,,,,
GSR Peaks Per Minute,GSR Peaks Per Minute,PERMINUTE,Open-Ended Recall (Key-Moment),GSR Peaks Ã— Recall,Part 3,title-form,Long,Abbott Elementary,,17.0,-0.2761969534125136,,,,,,0.28322705536142406,
GSR Peaks Per Minute,GSR Peaks Per Minute,PERMINUTE,Open-Ended Recall (Key-Moment),GSR Peaks Ã— Recall,Part 3,title-form,Long,Mad Max,,18.0,0.018487695882351773,,,,,,0.9419562980639934,
GSR Peaks Per Minute,GSR Peaks Per Minute,PERMINUTE,Open-Ended Recall (Key-Moment),GSR Peaks Ã— Recall,Part 3,title-form,Long,The Town,,25.0,0.24857551114780294,,,,,,0.2308524768593192,
GSR Peaks Per Minute,GSR Peaks Per Minute,PERMINUTE,Open-Ended Recall (Key-Moment),GSR Peaks Ã— Recall,Part 3,title-form,Short,Abbott Elementary,,20.0,0.03710450715071811,,,,,,0.8765811614115882,
GSR Peaks Per Minute,GSR Peaks Per Minute,PERMINUTE,Open-Ended Recall (Key-Moment),GSR Peaks Ã— Recall,Part 3,title-form,Short,Mad Max,,19.0,0.0368220966974603,,,,,,0.8810349736840526,
GSR Peaks Per Minute,GSR Peaks Per Minute,PERMINUTE,Open-Ended Recall (Key-Moment),GSR Peaks Ã— Recall,Part 3,title-form,Short,The Town,,18.0,0.174314178064807,,,,,,0.48907267952135725,
GSR Peaks Per Minute,GSR Peaks Per Minute,PERMINUTE,Screening Familiarity (C1),GSR Peaks Ã— Familiarity,Part 1,overall,All,,,118.0,-0.0331200717867441,,605.0538649908475,2.9745762711864407,3.05,2.896551724137931,0.7218076978037448,
GSR Peaks Per Minute,GSR Peaks Per Minute,PERMINUTE,Screening Familiarity (C1),GSR Peaks Ã— Familiarity,Part 2,format-correlation,Long,,,60.0,-0.0034922702583356988,,670.9353649173333,3.05,,,0.9788728651587322,
GSR Peaks Per Minute,GSR Peaks Per Minute,PERMINUTE,Screening Familiarity (C1),GSR Peaks Ã— Familiarity,Part 2,format-correlation,Short,,,58.0,-0.08272617120549836,,536.9005892048276,2.896551724137931,,,0.5369916539401601,
GSR Peaks Per Minute,GSR Peaks Per Minute,PERMINUTE,Screening Familiarity (C1),GSR Peaks Ã— Familiarity,Part 2,interaction,Long vs Short,,,,,,,,,,0.6705791889445454,
GSR Peaks Per Minute,GSR Peaks Per Minute,PERMINUTE,Screening Familiarity (C1),GSR Peaks Ã— Familiarity,Part 2,slope,Long,,vs Short,,,-2.0783340034062018e-05,,,,,0.6705791889445454,
GSR Peaks Per Minute,GSR Peaks Per Minute,PERMINUTE,Screening Familiarity (C1),GSR Peaks Ã— Familiarity,Part 2,slope,Short,,Reference,,,-0.0005022860423608612,,,,,,
GSR Peaks Per Minute,GSR Peaks Per Minute,PERMINUTE,Screening Familiarity (C1),GSR Peaks Ã— Familiarity,Part 3,title-delta,Long vs Short,Abbott Elementary,,,,,,,,,,
GSR Peaks Per Minute,GSR Peaks Per Minute,PERMINUTE,Screening Familiarity (C1),GSR Peaks Ã— Familiarity,Part 3,title-delta,Long vs Short,Mad Max,,,,,,,,,,
GSR Peaks Per Minute,GSR Peaks Per Minute,PERMINUTE,Screening Familiarity (C1),GSR Peaks Ã— Familiarity,Part 3,title-delta,Long vs Short,The Town,,,,,,,,,,
GSR Peaks Per Minute,GSR Peaks Per Minute,PERMINUTE,Screening Familiarity (C1),GSR Peaks Ã— Familiarity,Part 3,title-form,Long,Abbott Elementary,,18.0,0.24979148083270442,,,,,,0.31747629092908236,
GSR Peaks Per Minute,GSR Peaks Per Minute,PERMINUTE,Screening Familiarity (C1),GSR Peaks Ã— Familiarity,Part 3,title-form,Long,Mad Max,,18.0,-0.2011205850745965,,,,,,0.4235648622485444,
GSR Peaks Per Minute,GSR Peaks Per Minute,PERMINUTE,Screening Familiarity (C1),GSR Peaks Ã— Familiarity,Part 3,title-form,Long,The Town,,24.0,-0.2042034676096781,,,,,,0.3385060238462442,
GSR Peaks Per Minute,GSR Peaks Per Minute,PERMINUTE,Screening Familiarity (C1),GSR Peaks Ã— Familiarity,Part 3,title-form,Short,Abbott Elementary,,20.0,0.21041336061361482,,,,,,0.3732323526640011,
GSR Peaks Per Minute,GSR Peaks Per Minute,PERMINUTE,Screening Familiarity (C1),GSR Peaks Ã— Familiarity,Part 3,title-form,Short,Mad Max,,19.0,-0.3167026442221482,,,,,,0.18647834928789866,
GSR Peaks Per Minute,GSR Peaks Per Minute,PERMINUTE,Screening Familiarity (C1),GSR Peaks Ã— Familiarity,Part 3,title-form,Short,The Town,,19.0,-0.19903543530921874,,,,,,0.41398670211611016,
